"PERIOD_REF";"PERIOD_COMP";"REGION";"INDICATORS";"UNIT_MES";"VALUE";"STATUS";"STATUS_1"
"2019";;"CH";"Ind_01_01";"UM_1";8606.033;"A";
"2010/2019";;"CH";"Ind_01_02";"UM_2";9.350526942;"A";
"2019";;"CH";"Ind_01_03";"UM_3";215.1905815;"A";
"2019";;"CH";"Ind_01_04";"UM_2";19.95342105;"A";
"2019";;"CH";"Ind_01_05";"UM_2";61.38757544;"A";
"2019";;"CH";"Ind_01_06";"UM_2";18.65900352;"A";
"2019";;"CH";"Ind_01_07";"UM_2";84.79152938;"A";
"2019";;"CH";"Ind_01_08";"UM_2";25.2773258;"A";
"2019";;"CH";"Ind_01_09";"UM_4";4.544924481;"A";
"2019";;"CH";"Ind_01_10";"UM_4";1.969031915;"A";
"2019";;"CH";"Ind_01_11";"UM_4";10.0488847;"A";
"2019";;"CH";"Ind_01_12";"UM_4";7.904115084;"A";
"2019";;"CH";"Ind_01_13";"UM_5";3811.306;"A";
"2019";;"CH";"Ind_01_14";"UM_6";2.214154938;"A";
"2019";;"CH";"Ind_02_01";"UM_2";62.67871456;"A";
"2019";;"CH";"Ind_02_02";"UM_2";22.78801935;"A";
"2019";;"CH";"Ind_02_03";"UM_2";8.2751247;"A";
"2019";;"CH";"Ind_02_04";"UM_2";0.509622598;"A";
"2019";;"CH";"Ind_02_05";"UM_2";6.522227097;"A";
"2019";;"CH";"Ind_03_01";"UM_2";34.41205249;"A";
"2019";;"CH";"Ind_03_02";"UM_2";22.54398262;"A";
"2019";;"CH";"Ind_03_03";"UM_2";29.46939047;"A";
"2016";;"CH";"Ind_04_01";"UM_7";41290.76;"A";
"2004/2009";;"CH";"Ind_04_02";"UM_2";7.456916731;"A";
"1979/1985";"2004/2009";"CH";"Ind_04_03";"UM_2";23.41797775;"A";
"2004/2009";;"CH";"Ind_04_04";"UM_2";35.88382188;"A";
"1979/1985";"2004/2009";"CH";"Ind_04_05";"UM_2";-5.429809669;"A";
"2004/2009";;"CH";"Ind_04_06";"UM_2";31.31588246;"A";
"2004/2009";;"CH";"Ind_04_07";"UM_2";25.34337893;"A";
"2019";;"CH";"Ind_05_01";"UM_2";79.93;"A";
"2020";;"CH";"Ind_05_02";"UM_2";3.1;"A";
"2018";;"CH";"Ind_06_01";"UM_8";84517.97327;"A";"P"
"2017/2018";;"CH";"Ind_06_02";"UM_2";3.01340512;"A";"P"
"2018";;"CH";"Ind_06_03";"UM_5";5249.958;"A";
"2018";;"CH";"Ind_06_04";"UM_5";161.497;"A";
"2018";;"CH";"Ind_06_05";"UM_5";1091.626;"A";
"2018";;"CH";"Ind_06_06";"UM_5";3996.835;"A";
"2018";;"CH";"Ind_06_07";"UM_9";687022;"A";
"2018";;"CH";"Ind_06_08";"UM_9";53457;"A";
"2018";;"CH";"Ind_06_09";"UM_9";95687;"A";
"2018";;"CH";"Ind_06_10";"UM_9";537878;"A";
"2019";;"CH";"Ind_07_01";"UM_2";16.54770632;"A";
"2019";;"CH";"Ind_07_02";"UM_10";20.85872857;"A";
"2020";;"CH";"Ind_08_01";"UM_2";1.720369284;"A";
"2019";;"CH";"Ind_08_02";"UM_2";36.4;"A";
"2019";;"CH";"Ind_08_03";"UM_11";46;"A";
"2018";;"CH";"Ind_08_04";"UM_12";6.270413113;"A";
"2019";;"CH";"Ind_09_01";"UM_5";19764.557;"A";
"2019";;"CH";"Ind_09_02";"UM_5";39562.039;"A";
"2019";;"CH";"Ind_10_01";"UM_12";541.1595048;"A";
"2019";;"CH";"Ind_10_02";"UM_2";30.62000048;"A";
"2019";;"CH";"Ind_10_03";"UM_2";52.47925548;"A";
"2019";;"CH";"Ind_11_01";"UM_2";3.176524575;"A";
"2019";;"CH";"Ind_12_01";"UM_13";229;"A";
"2019";;"CH";"Ind_12_02";"UM_12";4.410021708;"A";
"2019";;"CH";"Ind_12_03";"UM_12";143.6867602;"A";
"2019";;"CH";"Ind_12_04";"UM_14";5.242627321;"A";
"2019";;"CH";"Ind_13_01";"UM_2";19.03801104;"A";
"2019";;"CH";"Ind_13_02";"UM_2";45.38360429;"A";
"2019";;"CH";"Ind_13_03";"UM_2";35.57838467;"A";
"2019";;"CH";"Ind_13_04";"UM_2";30.23;"A";
"2019";;"CH";"Ind_14_01";"UM_2";15.1;"A";
"2019";;"CH";"Ind_14_02";"UM_2";11.37867597;"A";
"2019";;"CH";"Ind_14_03";"UM_2";16.83556431;"A";
"2019";;"CH";"Ind_14_04";"UM_2";25.58956709;"A";
"2019";;"CH";"Ind_14_05";"UM_2";2.332933506;"A";
"2019";;"CH";"Ind_14_06";"UM_2";7.803081967;"A";
"2019";;"CH";"Ind_14_07";"UM_2";2.442290343;"A";
"2019";;"CH";"Ind_14_08";"UM_2";1.048886681;"A";
"2019";;"CH";"Ind_14_09";"UM_2";13.19974335;"A";
"2019";;"CH";"Ind_14_10";"UM_2";2.098494537;"A";
"2019";;"CH";"Ind_15_01";"UM_15";50.55867926;"A";
"2019";;"CH";"Ind_15_02";"UM_15";8.866143205;"A";
"2019";;"CH";"Ind_15_03";"UM_15";4.333066067;"A";
"2019";;"ZH";"Ind_01_01";"UM_1";1539.275;"A";
"2010/2019";;"ZH";"Ind_01_02";"UM_2";12.10479015;"A";
"2019";;"ZH";"Ind_01_03";"UM_3";926.8051107;"A";
"2019";;"ZH";"Ind_01_04";"UM_2";19.75572916;"A";
"2019";;"ZH";"Ind_01_05";"UM_2";63.1975443;"A";
"2019";;"ZH";"Ind_01_06";"UM_2";17.04672654;"A";
"2019";;"ZH";"Ind_01_07";"UM_2";99.33871465;"A";
"2019";;"ZH";"Ind_01_08";"UM_2";27.07638336;"A";
"2019";;"ZH";"Ind_01_09";"UM_4";5.195665834;"A";
"2019";;"ZH";"Ind_01_10";"UM_4";2.025982904;"A";
"2019";;"ZH";"Ind_01_11";"UM_4";10.84031562;"A";
"2019";;"ZH";"Ind_01_12";"UM_4";7.388302171;"A";
"2019";;"ZH";"Ind_01_13";"UM_5";691.687;"A";
"2019";;"ZH";"Ind_01_14";"UM_6";2.184132418;"A";
"2019";;"ZH";"Ind_02_01";"UM_2";80.67305967;"A";
"2019";;"ZH";"Ind_02_02";"UM_2";3.328786303;"A";
"2019";;"ZH";"Ind_02_03";"UM_2";5.647301438;"A";
"2019";;"ZH";"Ind_02_04";"UM_2";0.26843408;"A";
"2019";;"ZH";"Ind_02_05";"UM_2";9.501046391;"A";
"2019";;"ZH";"Ind_03_01";"UM_2";24.8660376;"A";
"2019";;"ZH";"Ind_03_02";"UM_2";26.73536051;"A";
"2019";;"ZH";"Ind_03_03";"UM_2";32.67985123;"A";
"2004/2009";;"ZH";"Ind_04_01";"UM_7";1728.85;"A";
"2004/2009";;"ZH";"Ind_04_02";"UM_2";21.86019608;"A";
"1979/1985";"2004/2009";"ZH";"Ind_04_03";"UM_2";18.31131426;"A";
"2004/2009";;"ZH";"Ind_04_04";"UM_2";41.65427886;"A";
"1979/1985";"2004/2009";"ZH";"Ind_04_05";"UM_2";-7.581551729;"A";
"2004/2009";;"ZH";"Ind_04_06";"UM_2";30.35081123;"A";
"2004/2009";;"ZH";"Ind_04_07";"UM_2";6.134713827;"A";
"2019";;"ZH";"Ind_05_01";"UM_2";82.2;"A";
"2020";;"ZH";"Ind_05_02";"UM_2";3.1;"A";
"2018";;"ZH";"Ind_06_01";"UM_8";104820.0814;"A";"P"
"2017/2018";;"ZH";"Ind_06_02";"UM_2";4.05382779;"A";"P"
"2018";;"ZH";"Ind_06_03";"UM_5";1045.222;"A";
"2018";;"ZH";"Ind_06_04";"UM_5";11.281;"A";
"2018";;"ZH";"Ind_06_05";"UM_5";141.288;"A";
"2018";;"ZH";"Ind_06_06";"UM_5";892.653;"A";
"2018";;"ZH";"Ind_06_07";"UM_9";119808;"A";
"2018";;"ZH";"Ind_06_08";"UM_9";3590;"A";
"2018";;"ZH";"Ind_06_09";"UM_9";13257;"A";
"2018";;"ZH";"Ind_06_10";"UM_9";102961;"A";
"2019";;"ZH";"Ind_07_01";"UM_2";14.59221225;"A";
"2019";;"ZH";"Ind_07_02";"UM_10";22.25513821;"A";
"2020";;"ZH";"Ind_08_01";"UM_2";0.905767389;"A";
"2019";;"ZH";"Ind_08_02";"UM_2";27.7;"A";
"2019";;"ZH";"Ind_08_03";"UM_11";44.7;"A";
"2018";;"ZH";"Ind_08_04";"UM_12";6.503158183;"A";
"2019";;"ZH";"Ind_09_01";"UM_5";3421.111;"A";
"2019";;"ZH";"Ind_09_02";"UM_5";5960.145;"A";
"2019";;"ZH";"Ind_10_01";"UM_12";488.1023138;"A";
"2019";;"ZH";"Ind_10_02";"UM_2";46.91927434;"A";
"2019";;"ZH";"Ind_10_03";"UM_2";38.86140929;"A";
"2019";;"ZH";"Ind_11_01";"UM_2";3.14096;"A";
"2019";;"ZH";"Ind_12_01";"UM_13";261;"A";
"2019";;"ZH";"Ind_12_02";"UM_12";4.1;"A";
"2019";;"ZH";"Ind_12_03";"UM_12";136.9;"A";
"2019";;"ZH";"Ind_12_04";"UM_14";5.1;"A";
"2019";;"ZH";"Ind_13_01";"UM_2";14.49586346;"A";
"2019";;"ZH";"Ind_13_02";"UM_2";41.60594001;"A";
"2019";;"ZH";"Ind_13_03";"UM_2";43.89819653;"A";
"2019";;"ZH";"Ind_13_04";"UM_2";23.68;"A";
"2019";;"ZH";"Ind_14_01";"UM_2";13.66091488;"A";
"2019";;"ZH";"Ind_14_02";"UM_2";4.40844631;"A";
"2019";;"ZH";"Ind_14_03";"UM_2";17.3092703;"A";
"2019";;"ZH";"Ind_14_04";"UM_2";26.70001009;"A";
"2019";;"ZH";"Ind_14_05";"UM_2";3.301502195;"A";
"2019";;"ZH";"Ind_14_06";"UM_2";13.99456385;"A";
"2019";;"ZH";"Ind_14_07";"UM_2";1.640260327;"A";
"2019";;"ZH";"Ind_14_08";"UM_2";0.310207478;"A";
"2019";;"ZH";"Ind_14_09";"UM_2";14.07711271;"A";
"2019";;"ZH";"Ind_14_10";"UM_2";1.797094255;"A";
"2019";;"ZH";"Ind_15_01";"UM_15";59.94471942;"A";
"2019";;"ZH";"Ind_15_02";"UM_15";8.493932811;"A";
"2019";;"ZH";"Ind_15_03";"UM_15";4.921208073;"A";
"2019";;"BE";"Ind_01_01";"UM_1";1039.474;"A";
"2010/2019";;"BE";"Ind_01_02";"UM_2";6.090210063;"A";
"2019";;"BE";"Ind_01_03";"UM_3";177.9735336;"A";
"2019";;"BE";"Ind_01_04";"UM_2";19.02317903;"A";
"2019";;"BE";"Ind_01_05";"UM_2";59.91376408;"A";
"2019";;"BE";"Ind_01_06";"UM_2";21.06305689;"A";
"2019";;"BE";"Ind_01_07";"UM_2";74.73972413;"A";
"2019";;"BE";"Ind_01_08";"UM_2";16.57434433;"A";
"2019";;"BE";"Ind_01_09";"UM_4";4.410805558;"A";
"2019";;"BE";"Ind_01_10";"UM_4";1.865553826;"A";
"2019";;"BE";"Ind_01_11";"UM_4";9.57650964;"A";
"2019";;"BE";"Ind_01_12";"UM_4";9.320056246;"A";
"2019";;"BE";"Ind_01_13";"UM_5";474.607;"A";
"2019";;"BE";"Ind_01_14";"UM_6";2.14780018;"A";
"2019";;"BE";"Ind_02_01";"UM_2";83.67607627;"A";
"2019";;"BE";"Ind_02_02";"UM_2";10.97736401;"A";
"2019";;"BE";"Ind_02_03";"UM_2";3.148555186;"A";
"2019";;"BE";"Ind_02_04";"UM_2";0.091447165;"U";
"2019";;"BE";"Ind_02_05";"UM_2";4.413155805;"A";
"2019";;"BE";"Ind_03_01";"UM_2";15.3786667;"A";
"2019";;"BE";"Ind_03_02";"UM_2";47.5437587;"A";
"2019";;"BE";"Ind_03_03";"UM_2";23.97620171;"A";
"2004/2009";;"BE";"Ind_04_01";"UM_7";5959.4;"A";
"2004/2009";;"BE";"Ind_04_02";"UM_2";6.912944256;"A";
"1979/1985";"2004/2009";"BE";"Ind_04_03";"UM_2";19.31419966;"A";
"2004/2009";;"BE";"Ind_04_04";"UM_2";42.5787831;"A";
"1979/1985";"2004/2009";"BE";"Ind_04_05";"UM_2";-3.167849061;"A";
"2004/2009";;"BE";"Ind_04_06";"UM_2";31.33234889;"A";
"2004/2009";;"BE";"Ind_04_07";"UM_2";19.17592375;"A";
"2019";;"BE";"Ind_05_01";"UM_2";82.4;"A";
"2020";;"BE";"Ind_05_02";"UM_2";2.5;"A";
"2018";;"BE";"Ind_06_01";"UM_8";79114.62118;"A";"P"
"2017/2018";;"BE";"Ind_06_02";"UM_2";1.83062052;"A";"P"
"2018";;"BE";"Ind_06_03";"UM_5";642.148;"A";
"2018";;"BE";"Ind_06_04";"UM_5";32.529;"A";
"2018";;"BE";"Ind_06_05";"UM_5";131.387;"A";
"2018";;"BE";"Ind_06_06";"UM_5";478.232;"A";
"2018";;"BE";"Ind_06_07";"UM_9";80394;"A";
"2018";;"BE";"Ind_06_08";"UM_9";10763;"A";
"2018";;"BE";"Ind_06_09";"UM_9";11612;"A";
"2018";;"BE";"Ind_06_10";"UM_9";58019;"A";
"2019";;"BE";"Ind_07_01";"UM_2";13.37962535;"A";
"2019";;"BE";"Ind_07_02";"UM_10";18.71290805;"A";
"2020";;"BE";"Ind_08_01";"UM_2";1.860910937;"A";
"2019";;"BE";"Ind_08_02";"UM_2";38.8;"A";
"2019";;"BE";"Ind_08_03";"UM_11";46;"A";
"2018";;"BE";"Ind_08_04";"UM_12";4.819973505;"A";
"2019";;"BE";"Ind_09_01";"UM_5";2887.038;"A";
"2019";;"BE";"Ind_09_02";"UM_5";5634.247;"A";
"2019";;"BE";"Ind_10_01";"UM_12";519.7999569;"A";
"2019";;"BE";"Ind_10_02";"UM_2";31.70144408;"A";
"2019";;"BE";"Ind_10_03";"UM_2";48.60991804;"A";
"2019";;"BE";"Ind_11_01";"UM_2";3.96666;"A";
"2019";;"BE";"Ind_12_01";"UM_13";226;"A";
"2019";;"BE";"Ind_12_02";"UM_12";4.8;"A";
"2019";;"BE";"Ind_12_03";"UM_12";156;"A";
"2019";;"BE";"Ind_12_04";"UM_14";4.8;"A";
"2019";;"BE";"Ind_13_01";"UM_2";16.27652726;"A";
"2019";;"BE";"Ind_13_02";"UM_2";50.90211593;"A";
"2019";;"BE";"Ind_13_03";"UM_2";32.82135681;"A";
"2019";;"BE";"Ind_13_04";"UM_2";25.13;"A";
"2019";;"BE";"Ind_14_01";"UM_2";8.360142453;"A";
"2019";;"BE";"Ind_14_02";"UM_2";1.872670843;"A";
"2019";;"BE";"Ind_14_03";"UM_2";16.82288721;"A";
"2019";;"BE";"Ind_14_04";"UM_2";30.03082796;"A";
"2019";;"BE";"Ind_14_05";"UM_2";4.176610747;"A";
"2019";;"BE";"Ind_14_06";"UM_2";9.735170906;"A";
"2019";;"BE";"Ind_14_07";"UM_2";8.041438968;"A";
"2019";;"BE";"Ind_14_08";"UM_2";0.617153166;"A";
"2019";;"BE";"Ind_14_09";"UM_2";13.5850421;"A";
"2019";;"BE";"Ind_14_10";"UM_2";2.817933211;"A";
"2019";;"BE";"Ind_15_01";"UM_15";52.1190326;"A";
"2019";;"BE";"Ind_15_02";"UM_15";11.63600737;"A";
"2019";;"BE";"Ind_15_03";"UM_15";3.013593539;"A";
"2019";;"LU";"Ind_01_01";"UM_1";413.12;"A";
"2010/2019";;"LU";"Ind_01_02";"UM_2";9.403882312;"A";
"2019";;"LU";"Ind_01_03";"UM_3";289.0709732;"A";
"2019";;"LU";"Ind_01_04";"UM_2";20.2880519;"A";
"2019";;"LU";"Ind_01_05";"UM_2";61.86362316;"A";
"2019";;"LU";"Ind_01_06";"UM_2";17.84832494;"A";
"2019";;"LU";"Ind_01_07";"UM_2";63.86280015;"A";
"2019";;"LU";"Ind_01_08";"UM_2";18.78679318;"A";
"2019";;"LU";"Ind_01_09";"UM_4";4.801398362;"A";
"2019";;"LU";"Ind_01_10";"UM_4";1.631259899;"A";
"2019";;"LU";"Ind_01_11";"UM_4";10.59224945;"A";
"2019";;"LU";"Ind_01_12";"UM_4";7.546096463;"A";
"2019";;"LU";"Ind_01_13";"UM_5";179.274;"A";
"2019";;"LU";"Ind_01_14";"UM_6";2.261538204;"A";
"2019";;"LU";"Ind_02_01";"UM_2";88.61465317;"A";
"2019";;"LU";"Ind_02_02";"UM_2";1.626895828;"A";
"2019";;"LU";"Ind_02_03";"UM_2";3.330107222;"A";
"2019";;"LU";"Ind_02_04";"UM_2";0.195189605;"U";
"2019";;"LU";"Ind_02_05";"UM_2";4.587705884;"A";
"2019";;"LU";"Ind_03_01";"UM_2";58.80129005;"A";
"2019";;"LU";"Ind_03_02";"UM_2";9.378919945;"A";
"2019";;"LU";"Ind_03_03";"UM_2";20.88707343;"A";
"2004/2009";;"LU";"Ind_04_01";"UM_7";1493.28;"A";
"2004/2009";;"LU";"Ind_04_02";"UM_2";9.633826208;"A";
"1979/1985";"2004/2009";"LU";"Ind_04_03";"UM_2";31.71870708;"A";
"2004/2009";;"LU";"Ind_04_04";"UM_2";53.44945355;"A";
"1979/1985";"2004/2009";"LU";"Ind_04_05";"UM_2";-3.962897463;"A";
"2004/2009";;"LU";"Ind_04_06";"UM_2";29.93209579;"A";
"2004/2009";;"LU";"Ind_04_07";"UM_2";6.984624451;"A";
"2019";;"LU";"Ind_05_01";"UM_2";82.9;"A";
"2020";;"LU";"Ind_05_02";"UM_2";2.2;"A";
"2018";;"LU";"Ind_06_01";"UM_8";69256.29787;"A";"P"
"2017/2018";;"LU";"Ind_06_02";"UM_2";1.01096264;"A";"P"
"2018";;"LU";"Ind_06_03";"UM_5";253.856;"A";
"2018";;"LU";"Ind_06_04";"UM_5";13.617;"A";
"2018";;"LU";"Ind_06_05";"UM_5";57.43;"A";
"2018";;"LU";"Ind_06_06";"UM_5";182.809;"A";
"2018";;"LU";"Ind_06_07";"UM_9";32255;"A";
"2018";;"LU";"Ind_06_08";"UM_9";4709;"A";
"2018";;"LU";"Ind_06_09";"UM_9";4607;"A";
"2018";;"LU";"Ind_06_10";"UM_9";22939;"A";
"2019";;"LU";"Ind_07_01";"UM_2";10.65681199;"A";
"2019";;"LU";"Ind_07_02";"UM_10";16.83233002;"A";
"2020";;"LU";"Ind_08_01";"UM_2";1.504530435;"A";
"2019";;"LU";"Ind_08_02";"UM_2";34.4;"A";
"2019";;"LU";"Ind_08_03";"UM_11";46.7;"A";
"2018";;"LU";"Ind_08_04";"UM_12";7.751423103;"A";
"2019";;"LU";"Ind_09_01";"UM_5";1282.445;"A";
"2019";;"LU";"Ind_09_02";"UM_5";2217.819;"A";
"2019";;"LU";"Ind_10_01";"UM_12";532.345925;"A";
"2019";;"LU";"Ind_10_02";"UM_2";25.62776391;"A";
"2019";;"LU";"Ind_10_03";"UM_2";56.29405841;"A";
"2019";;"LU";"Ind_11_01";"UM_2";2.39307;"A";
"2019";;"LU";"Ind_12_01";"UM_13";180;"A";
"2019";;"LU";"Ind_12_02";"UM_12";3.8;"A";
"2019";;"LU";"Ind_12_03";"UM_12";128.2;"A";
"2019";;"LU";"Ind_12_04";"UM_14";5.2;"A";
"2019";;"LU";"Ind_13_01";"UM_2";18.75641895;"A";
"2019";;"LU";"Ind_13_02";"UM_2";48.06206494;"A";
"2019";;"LU";"Ind_13_03";"UM_2";33.18118048;"A";
"2019";;"LU";"Ind_13_04";"UM_2";24.39;"A";
"2019";;"LU";"Ind_14_01";"UM_2";15.55817356;"A";
"2019";;"LU";"Ind_14_02";"UM_2";25.49011677;"A";
"2019";;"LU";"Ind_14_03";"UM_2";13.5176496;"A";
"2019";;"LU";"Ind_14_04";"UM_2";24.74600895;"A";
"2019";;"LU";"Ind_14_05";"UM_2";0.712169323;"A";
"2019";;"LU";"Ind_14_06";"UM_2";7.0978447;"A";
"2019";;"LU";"Ind_14_07";"UM_2";;"M";
"2019";;"LU";"Ind_14_08";"UM_2";;"M";
"2019";;"LU";"Ind_14_09";"UM_2";12.22822789;"A";
"2019";;"LU";"Ind_14_10";"UM_2";0.148821562;"A";
"2019";;"LU";"Ind_15_01";"UM_15";41.81102997;"A";
"2019";;"LU";"Ind_15_02";"UM_15";7.234646215;"A";
"2019";;"LU";"Ind_15_03";"UM_15";2.566187368;"A";
"2019";;"UR";"Ind_01_01";"UM_1";36.703;"A";
"2010/2019";;"UR";"Ind_01_02";"UM_2";3.61639659;"A";
"2019";;"UR";"Ind_01_03";"UM_3";34.71258063;"A";
"2019";;"UR";"Ind_01_04";"UM_2";20.044683;"A";
"2019";;"UR";"Ind_01_05";"UM_2";59.16410103;"A";
"2019";;"UR";"Ind_01_06";"UM_2";20.79121598;"A";
"2019";;"UR";"Ind_01_07";"UM_2";88.5894886;"A";
"2019";;"UR";"Ind_01_08";"UM_2";12.58480233;"A";
"2019";;"UR";"Ind_01_09";"UM_4";4.785604901;"A";
"2019";;"UR";"Ind_01_10";"UM_4";1.285276745;"A";
"2019";;"UR";"Ind_01_11";"UM_4";9.352439291;"A";
"2019";;"UR";"Ind_01_12";"UM_4";8.395318311;"A";
"2019";;"UR";"Ind_01_13";"UM_5";15.499;"A";
"2019";;"UR";"Ind_01_14";"UM_6";2.31202013;"A";
"2019";;"UR";"Ind_02_01";"UM_2";93.42545789;"A";
"2019";;"UR";"Ind_02_02";"UM_2";;"Q";
"2019";;"UR";"Ind_02_03";"UM_2";1.402445808;"U";
"2019";;"UR";"Ind_02_04";"UM_2";;"Q";
"2019";;"UR";"Ind_02_05";"UM_2";3.292194578;"U";
"2019";;"UR";"Ind_03_01";"UM_2";74.82111206;"A";
"2019";;"UR";"Ind_03_02";"UM_2";5.031838771;"U";
"2019";;"UR";"Ind_03_03";"UM_2";14.73445808;"A";
"2004/2009";;"UR";"Ind_04_01";"UM_7";1076.3;"A";
"2004/2009";;"UR";"Ind_04_02";"UM_2";1.855430642;"A";
"1979/1985";"2004/2009";"UR";"Ind_04_03";"UM_2";23.57673267;"A";
"2004/2009";;"UR";"Ind_04_04";"UM_2";24.17634489;"A";
"1979/1985";"2004/2009";"UR";"Ind_04_05";"UM_2";-5.518643576;"A";
"2004/2009";;"UR";"Ind_04_06";"UM_2";20.09848555;"A";
"2004/2009";;"UR";"Ind_04_07";"UM_2";53.86973892;"A";
"2019";;"UR";"Ind_05_01";"UM_2";79.7;"A";
"2020";;"UR";"Ind_05_02";"UM_2";1.4;"A";
"2018";;"UR";"Ind_06_01";"UM_8";54290.76041;"A";"P"
"2017/2018";;"UR";"Ind_06_02";"UM_2";3.42883327;"A";"P"
"2018";;"UR";"Ind_06_03";"UM_5";18.853;"A";
"2018";;"UR";"Ind_06_04";"UM_5";1.505;"A";
"2018";;"UR";"Ind_06_05";"UM_5";5.409;"A";
"2018";;"UR";"Ind_06_06";"UM_5";11.939;"A";
"2018";;"UR";"Ind_06_07";"UM_9";2798;"A";
"2018";;"UR";"Ind_06_08";"UM_9";587;"A";
"2018";;"UR";"Ind_06_09";"UM_9";411;"A";
"2018";;"UR";"Ind_06_10";"UM_9";1800;"A";
"2019";;"UR";"Ind_07_01";"UM_2";15.39067435;"A";
"2019";;"UR";"Ind_07_02";"UM_10";12.3790533;"A";
"2020";;"UR";"Ind_08_01";"UM_2";1.429702187;"A";
"2019";;"UR";"Ind_08_02";"UM_2";42.9;"A";
"2019";;"UR";"Ind_08_03";"UM_11";46.7;"A";
"2018";;"UR";"Ind_08_04";"UM_12";9.83498168;"A";
"2019";;"UR";"Ind_09_01";"UM_5";165.952;"A";
"2019";;"UR";"Ind_09_02";"UM_5";297.279;"A";
"2019";;"UR";"Ind_10_01";"UM_12";554.22282;"A";
"2019";;"UR";"Ind_10_02";"UM_2";11.67040507;"A";
"2019";;"UR";"Ind_10_03";"UM_2";63.12838105;"A";
"2019";;"UR";"Ind_11_01";"UM_2";1.21593;"A";
"2019";;"UR";"Ind_12_01";"UM_13";114;"A";
"2019";;"UR";"Ind_12_02";"UM_12";1.6;"A";
"2019";;"UR";"Ind_12_03";"UM_12";143.4;"A";
"2019";;"UR";"Ind_12_04";"UM_14";4.8;"A";
"2019";;"UR";"Ind_13_01";"UM_2";24.87808566;"A";
"2019";;"UR";"Ind_13_02";"UM_2";52.87869051;"A";
"2019";;"UR";"Ind_13_03";"UM_2";22.24322383;"A";
"2019";;"UR";"Ind_13_04";"UM_2";24.21;"A";
"2019";;"UR";"Ind_14_01";"UM_2";;"M";
"2019";;"UR";"Ind_14_02";"UM_2";39.20502092;"A";
"2019";;"UR";"Ind_14_03";"UM_2";22.25104603;"A";
"2019";;"UR";"Ind_14_04";"UM_2";36.32635983;"A";
"2019";;"UR";"Ind_14_05";"UM_2";;"M";
"2019";;"UR";"Ind_14_06";"UM_2";;"M";
"2019";;"UR";"Ind_14_07";"UM_2";;"M";
"2019";;"UR";"Ind_14_08";"UM_2";;"M";
"2019";;"UR";"Ind_14_09";"UM_2";;"M";
"2019";;"UR";"Ind_14_10";"UM_2";;"M";
"2019";;"UR";"Ind_15_01";"UM_15";18.80163588;"A";
"2019";;"UR";"Ind_15_02";"UM_15";1.59196333;"A";
"2019";;"UR";"Ind_15_03";"UM_15";2.333049708;"A";
"2019";;"SZ";"Ind_01_01";"UM_1";160.48;"A";
"2010/2019";;"SZ";"Ind_01_02";"UM_2";9.370953452;"A";
"2019";;"SZ";"Ind_01_03";"UM_3";188.5094736;"A";
"2019";;"SZ";"Ind_01_04";"UM_2";19.28215354;"A";
"2019";;"SZ";"Ind_01_05";"UM_2";62.56542871;"A";
"2019";;"SZ";"Ind_01_06";"UM_2";18.15241775;"A";
"2019";;"SZ";"Ind_01_07";"UM_2";82.05072283;"A";
"2019";;"SZ";"Ind_01_08";"UM_2";21.87998504;"A";
"2019";;"SZ";"Ind_01_09";"UM_4";4.611365734;"A";
"2019";;"SZ";"Ind_01_10";"UM_4";1.920880977;"A";
"2019";;"SZ";"Ind_01_11";"UM_4";9.610661828;"A";
"2019";;"SZ";"Ind_01_12";"UM_4";6.926434013;"A";
"2019";;"SZ";"Ind_01_13";"UM_5";69.332;"A";
"2019";;"SZ";"Ind_01_14";"UM_6";2.275139907;"A";
"2019";;"SZ";"Ind_02_01";"UM_2";88.31580903;"A";
"2019";;"SZ";"Ind_02_02";"UM_2";1.882221809;"A";
"2019";;"SZ";"Ind_02_03";"UM_2";3.498420955;"A";
"2019";;"SZ";"Ind_02_04";"UM_2";0.275741839;"U";
"2019";;"SZ";"Ind_02_05";"UM_2";6.342188371;"A";
"2019";;"SZ";"Ind_03_01";"UM_2";56.51866989;"A";
"2019";;"SZ";"Ind_03_02";"UM_2";11.30596322;"A";
"2019";;"SZ";"Ind_03_03";"UM_2";21.8227754;"A";
"2004/2009";;"SZ";"Ind_04_01";"UM_7";908.03;"A";
"2004/2009";;"SZ";"Ind_04_02";"UM_2";6.060372455;"A";
"1979/1985";"2004/2009";"SZ";"Ind_04_03";"UM_2";31.46953405;"A";
"2004/2009";;"SZ";"Ind_04_04";"UM_2";40.54381463;"A";
"1979/1985";"2004/2009";"SZ";"Ind_04_05";"UM_2";-3.500956474;"A";
"2004/2009";;"SZ";"Ind_04_06";"UM_2";33.73677081;"A";
"2004/2009";;"SZ";"Ind_04_07";"UM_2";19.6590421;"A";
"2019";;"SZ";"Ind_05_01";"UM_2";82.1;"A";
"2020";;"SZ";"Ind_05_02";"UM_2";1.5;"A";
"2018";;"SZ";"Ind_06_01";"UM_8";62039.72437;"A";"P"
"2017/2018";;"SZ";"Ind_06_02";"UM_2";2.00671555;"A";"P"
"2018";;"SZ";"Ind_06_03";"UM_5";84.43;"A";
"2018";;"SZ";"Ind_06_04";"UM_5";4.45;"A";
"2018";;"SZ";"Ind_06_05";"UM_5";21.169;"A";
"2018";;"SZ";"Ind_06_06";"UM_5";58.811;"A";
"2018";;"SZ";"Ind_06_07";"UM_9";15504;"A";
"2018";;"SZ";"Ind_06_08";"UM_9";1630;"A";
"2018";;"SZ";"Ind_06_09";"UM_9";2421;"A";
"2018";;"SZ";"Ind_06_10";"UM_9";11453;"A";
"2019";;"SZ";"Ind_07_01";"UM_2";12.27035793;"A";
"2019";;"SZ";"Ind_07_02";"UM_10";15.39450091;"A";
"2020";;"SZ";"Ind_08_01";"UM_2";1.303053798;"A";
"2019";;"SZ";"Ind_08_02";"UM_2";39.4;"A";
"2019";;"SZ";"Ind_08_03";"UM_11";49.9;"A";
"2018";;"SZ";"Ind_08_04";"UM_12";7.93383386;"A";
"2019";;"SZ";"Ind_09_01";"UM_5";309.622;"A";
"2019";;"SZ";"Ind_09_02";"UM_5";566.849;"A";
"2019";;"SZ";"Ind_10_01";"UM_12";646.1156661;"A";
"2019";;"SZ";"Ind_10_02";"UM_2";19.79546389;"A";
"2019";;"SZ";"Ind_10_03";"UM_2";65.9451639;"A";
"2019";;"SZ";"Ind_11_01";"UM_2";1.41426;"A";
"2019";;"SZ";"Ind_12_01";"UM_13";156;"A";
"2019";;"SZ";"Ind_12_02";"UM_12";2;"A";
"2019";;"SZ";"Ind_12_03";"UM_12";148.1;"A";
"2019";;"SZ";"Ind_12_04";"UM_14";4.2;"A";
"2019";;"SZ";"Ind_13_01";"UM_2";19.94416244;"A";
"2019";;"SZ";"Ind_13_02";"UM_2";47.01861252;"A";
"2019";;"SZ";"Ind_13_03";"UM_2";33.03722504;"A";
"2019";;"SZ";"Ind_13_04";"UM_2";26.2;"A";
"2019";;"SZ";"Ind_14_01";"UM_2";23.0980846;"A";
"2019";;"SZ";"Ind_14_02";"UM_2";18.3978502;"A";
"2019";;"SZ";"Ind_14_03";"UM_2";13.81481518;"A";
"2019";;"SZ";"Ind_14_04";"UM_2";36.89279445;"A";
"2019";;"SZ";"Ind_14_05";"UM_2";0.602669596;"A";
"2019";;"SZ";"Ind_14_06";"UM_2";4.58401577;"A";
"2019";;"SZ";"Ind_14_07";"UM_2";;"M";
"2019";;"SZ";"Ind_14_08";"UM_2";;"M";
"2019";;"SZ";"Ind_14_09";"UM_2";2.609770211;"A";
"2019";;"SZ";"Ind_14_10";"UM_2";;"M";
"2019";;"SZ";"Ind_15_01";"UM_15";24.67879245;"A";
"2019";;"SZ";"Ind_15_02";"UM_15";6.301636666;"A";
"2019";;"SZ";"Ind_15_03";"UM_15";2.362328401;"A";
"2019";;"OW";"Ind_01_01";"UM_1";37.93;"A";
"2010/2019";;"OW";"Ind_01_02";"UM_2";6.589855276;"A";
"2019";;"OW";"Ind_01_03";"UM_3";78.91889643;"A";
"2019";;"OW";"Ind_01_04";"UM_2";20.01054574;"A";
"2019";;"OW";"Ind_01_05";"UM_2";60.68547324;"A";
"2019";;"OW";"Ind_01_06";"UM_2";19.30398102;"A";
"2019";;"OW";"Ind_01_07";"UM_2";27.57184287;"A";
"2019";;"OW";"Ind_01_08";"UM_2";14.68230952;"A";
"2019";;"OW";"Ind_01_09";"UM_4";4.988716;"A";
"2019";;"OW";"Ind_01_10";"UM_4";1.425347428;"A";
"2019";;"OW";"Ind_01_11";"UM_4";9.159176994;"A";
"2019";;"OW";"Ind_01_12";"UM_4";7.364295047;"A";
"2019";;"OW";"Ind_01_13";"UM_5";16.192;"A";
"2019";;"OW";"Ind_01_14";"UM_6";2.308670949;"A";
"2019";;"OW";"Ind_02_01";"UM_2";92.00947119;"A";
"2019";;"OW";"Ind_02_02";"UM_2";1.469452818;"U";
"2019";;"OW";"Ind_02_03";"UM_2";1.217323283;"U";
"2019";;"OW";"Ind_02_04";"UM_2";0.563234349;"U";
"2019";;"OW";"Ind_02_05";"UM_2";3.479084451;"U";
"2019";;"OW";"Ind_03_01";"UM_2";68.07576953;"A";
"2019";;"OW";"Ind_03_02";"UM_2";10.35516969;"A";
"2019";;"OW";"Ind_03_03";"UM_2";15.76006314;"A";
"2004/2009";;"OW";"Ind_04_01";"UM_7";490.64;"A";
"2004/2009";;"OW";"Ind_04_02";"UM_2";3.829691831;"A";
"1979/1985";"2004/2009";"OW";"Ind_04_03";"UM_2";34.21428571;"A";
"2004/2009";;"OW";"Ind_04_04";"UM_2";36.85798141;"A";
"1979/1985";"2004/2009";"OW";"Ind_04_05";"UM_2";-4.327813343;"A";
"2004/2009";;"OW";"Ind_04_06";"UM_2";40.69582586;"A";
"2004/2009";;"OW";"Ind_04_07";"UM_2";18.6165009;"A";
"2019";;"OW";"Ind_05_01";"UM_2";84.4;"A";
"2020";;"OW";"Ind_05_02";"UM_2";1.2;"A";
"2018";;"OW";"Ind_06_01";"UM_8";67457.56564;"A";"P"
"2017/2018";;"OW";"Ind_06_02";"UM_2";1.88061577;"A";"P"
"2018";;"OW";"Ind_06_03";"UM_5";22.558;"A";
"2018";;"OW";"Ind_06_04";"UM_5";1.709;"A";
"2018";;"OW";"Ind_06_05";"UM_5";7.327;"A";
"2018";;"OW";"Ind_06_06";"UM_5";13.522;"A";
"2018";;"OW";"Ind_06_07";"UM_9";3670;"A";
"2018";;"OW";"Ind_06_08";"UM_9";642;"A";
"2018";;"OW";"Ind_06_09";"UM_9";543;"A";
"2018";;"OW";"Ind_06_10";"UM_9";2485;"A";
"2019";;"OW";"Ind_07_01";"UM_2";35.03911042;"A";
"2019";;"OW";"Ind_07_02";"UM_10";12.79691297;"A";
"2020";;"OW";"Ind_08_01";"UM_2";0.919963202;"A";
"2019";;"OW";"Ind_08_02";"UM_2";47.3;"A";
"2019";;"OW";"Ind_08_03";"UM_11";48.4;"A";
"2018";;"OW";"Ind_08_04";"UM_12";5.455755156;"A";
"2019";;"OW";"Ind_09_01";"UM_5";349.481;"A";
"2019";;"OW";"Ind_09_02";"UM_5";638.622;"A";
"2019";;"OW";"Ind_10_01";"UM_12";604.7408895;"A";
"2019";;"OW";"Ind_10_02";"UM_2";12.25177518;"A";
"2019";;"OW";"Ind_10_03";"UM_2";68.92526176;"A";
"2019";;"OW";"Ind_11_01";"UM_2";1.07027;"A";
"2019";;"OW";"Ind_12_01";"UM_13";134;"A";
"2019";;"OW";"Ind_12_02";"UM_12";1.3;"A";
"2019";;"OW";"Ind_12_03";"UM_12";132.2;"A";
"2019";;"OW";"Ind_12_04";"UM_14";4.1;"A";
"2019";;"OW";"Ind_13_01";"UM_2";20.15738936;"A";
"2019";;"OW";"Ind_13_02";"UM_2";52.02151469;"A";
"2019";;"OW";"Ind_13_03";"UM_2";27.82109595;"A";
"2019";;"OW";"Ind_13_04";"UM_2";26.53;"A";
"2019";;"OW";"Ind_14_01";"UM_2";11.59170742;"A";
"2019";;"OW";"Ind_14_02";"UM_2";36.67607962;"A";
"2019";;"OW";"Ind_14_03";"UM_2";2.920311316;"A";
"2019";;"OW";"Ind_14_04";"UM_2";37.27529444;"A";
"2019";;"OW";"Ind_14_05";"UM_2";;"M";
"2019";;"OW";"Ind_14_06";"UM_2";;"M";
"2019";;"OW";"Ind_14_07";"UM_2";;"M";
"2019";;"OW";"Ind_14_08";"UM_2";;"M";
"2019";;"OW";"Ind_14_09";"UM_2";;"M";
"2019";;"OW";"Ind_14_10";"UM_2";;"M";
"2019";;"OW";"Ind_15_01";"UM_15";35.51703179;"A";
"2019";;"OW";"Ind_15_02";"UM_15";3.858248989;"A";
"2019";;"OW";"Ind_15_03";"UM_15";1.374170873;"A";
"2019";;"NW";"Ind_01_01";"UM_1";43.087;"A";
"2010/2019";;"NW";"Ind_01_02";"UM_2";5.028763651;"A";
"2019";;"NW";"Ind_01_03";"UM_3";178.532361;"A";
"2019";;"NW";"Ind_01_04";"UM_2";18.0982663;"A";
"2019";;"NW";"Ind_01_05";"UM_2";60.99519577;"A";
"2019";;"NW";"Ind_01_06";"UM_2";20.90653793;"A";
"2019";;"NW";"Ind_01_07";"UM_2";50.52103883;"A";
"2019";;"NW";"Ind_01_08";"UM_2";14.77939982;"A";
"2019";;"NW";"Ind_01_09";"UM_4";4.333217472;"A";
"2019";;"NW";"Ind_01_10";"UM_4";2.062333449;"A";
"2019";;"NW";"Ind_01_11";"UM_4";8.898157803;"A";
"2019";;"NW";"Ind_01_12";"UM_4";7.785888078;"A";
"2019";;"NW";"Ind_01_13";"UM_5";19.112;"A";
"2019";;"NW";"Ind_01_14";"UM_6";2.219704897;"A";
"2019";;"NW";"Ind_02_01";"UM_2";90.63251038;"A";
"2019";;"NW";"Ind_02_02";"UM_2";1.639270811;"U";
"2019";;"NW";"Ind_02_03";"UM_2";3.2335591;"U";
"2019";;"NW";"Ind_02_04";"UM_2";;"Q";
"2019";;"NW";"Ind_02_05";"UM_2";5.418396329;"A";
"2019";;"NW";"Ind_03_01";"UM_2";62.65020756;"A";
"2019";;"NW";"Ind_03_02";"UM_2";11.28195324;"A";
"2019";;"NW";"Ind_03_03";"UM_2";20.23705484;"A";
"2004/2009";;"NW";"Ind_04_01";"UM_7";275.94;"A";
"2004/2009";;"NW";"Ind_04_02";"UM_2";5.370732768;"A";
"1979/1985";"2004/2009";"NW";"Ind_04_03";"UM_2";27.75862069;"A";
"2004/2009";;"NW";"Ind_04_04";"UM_2";37.02616511;"A";
"1979/1985";"2004/2009";"NW";"Ind_04_05";"UM_2";-3.448601663;"A";
"2004/2009";;"NW";"Ind_04_06";"UM_2";33.31158948;"A";
"2004/2009";;"NW";"Ind_04_07";"UM_2";24.29151265;"A";
"2019";;"NW";"Ind_05_01";"UM_2";84.8;"A";
"2020";;"NW";"Ind_05_02";"UM_2";1.4;"A";
"2018";;"NW";"Ind_06_01";"UM_8";73728.59797;"A";"P"
"2017/2018";;"NW";"Ind_06_02";"UM_2";2.62517039;"A";"P"
"2018";;"NW";"Ind_06_03";"UM_5";24.425;"A";
"2018";;"NW";"Ind_06_04";"UM_5";1.22;"A";
"2018";;"NW";"Ind_06_05";"UM_5";7;"A";
"2018";;"NW";"Ind_06_06";"UM_5";16.205;"A";
"2018";;"NW";"Ind_06_07";"UM_9";4080;"A";
"2018";;"NW";"Ind_06_08";"UM_9";452;"A";
"2018";;"NW";"Ind_06_09";"UM_9";580;"A";
"2018";;"NW";"Ind_06_10";"UM_9";3048;"A";
"2019";;"NW";"Ind_07_01";"UM_2";20.77096932;"A";
"2019";;"NW";"Ind_07_02";"UM_10";14.08289786;"A";
"2020";;"NW";"Ind_08_01";"UM_2";1.782547406;"A";
"2019";;"NW";"Ind_08_02";"UM_2";39.7;"A";
"2019";;"NW";"Ind_08_03";"UM_11";50;"A";
"2018";;"NW";"Ind_08_04";"UM_12";3.514161372;"A";
"2019";;"NW";"Ind_09_01";"UM_5";198.243;"A";
"2019";;"NW";"Ind_09_02";"UM_5";330.908;"A";
"2019";;"NW";"Ind_10_01";"UM_12";624.9913241;"A";
"2019";;"NW";"Ind_10_02";"UM_2";15.88569027;"A";
"2019";;"NW";"Ind_10_03";"UM_2";66.87854591;"A";
"2019";;"NW";"Ind_11_01";"UM_2";0.92081;"A";
"2019";;"NW";"Ind_12_01";"UM_13";130;"A";
"2019";;"NW";"Ind_12_02";"UM_12";2.3;"A";
"2019";;"NW";"Ind_12_03";"UM_12";136.6;"A";
"2019";;"NW";"Ind_12_04";"UM_14";4.6;"A";
"2019";;"NW";"Ind_13_01";"UM_2";17.1994944;"A";
"2019";;"NW";"Ind_13_02";"UM_2";47.81884885;"A";
"2019";;"NW";"Ind_13_03";"UM_2";34.98165675;"A";
"2019";;"NW";"Ind_13_04";"UM_2";24.74;"A";
"2019";;"NW";"Ind_14_01";"UM_2";;"M";
"2019";;"NW";"Ind_14_02";"UM_2";35.79598351;"A";
"2019";;"NW";"Ind_14_03";"UM_2";;"M";
"2019";;"NW";"Ind_14_04";"UM_2";64.20401649;"A";
"2019";;"NW";"Ind_14_05";"UM_2";;"M";
"2019";;"NW";"Ind_14_06";"UM_2";;"M";
"2019";;"NW";"Ind_14_07";"UM_2";;"M";
"2019";;"NW";"Ind_14_08";"UM_2";;"M";
"2019";;"NW";"Ind_14_09";"UM_2";;"M";
"2019";;"NW";"Ind_14_10";"UM_2";;"M";
"2019";;"NW";"Ind_15_01";"UM_15";26.14348842;"A";
"2019";;"NW";"Ind_15_02";"UM_15";2.961386299;"A";
"2019";;"NW";"Ind_15_03";"UM_15";1.365013997;"A";
"2019";;"GL";"Ind_01_01";"UM_1";40.59;"A";
"2010/2019";;"GL";"Ind_01_02";"UM_2";5.133651057;"A";
"2019";;"GL";"Ind_01_03";"UM_3";59.62979286;"A";
"2019";;"GL";"Ind_01_04";"UM_2";19.19438285;"A";
"2019";;"GL";"Ind_01_05";"UM_2";60.45084996;"A";
"2019";;"GL";"Ind_01_06";"UM_2";20.35476718;"A";
"2019";;"GL";"Ind_01_07";"UM_2";76.71101256;"A";
"2019";;"GL";"Ind_01_08";"UM_2";24.20546933;"A";
"2019";;"GL";"Ind_01_09";"UM_4";4.296667613;"A";
"2019";;"GL";"Ind_01_10";"UM_4";1.432222538;"A";
"2019";;"GL";"Ind_01_11";"UM_4";10.19841221;"A";
"2019";;"GL";"Ind_01_12";"UM_4";10.27249268;"A";
"2019";;"GL";"Ind_01_13";"UM_5";18.064;"A";
"2019";;"GL";"Ind_01_14";"UM_6";2.20488264;"A";
"2019";;"GL";"Ind_02_01";"UM_2";86.46970544;"A";
"2019";;"GL";"Ind_02_02";"UM_2";1.224406615;"U";
"2019";;"GL";"Ind_02_03";"UM_2";5.479210193;"A";
"2019";;"GL";"Ind_02_04";"UM_2";0.598489303;"U";
"2019";;"GL";"Ind_02_05";"UM_2";4.004943648;"U";
"2019";;"GL";"Ind_03_01";"UM_2";30.08563105;"A";
"2019";;"GL";"Ind_03_02";"UM_2";30.94488421;"A";
"2019";;"GL";"Ind_03_03";"UM_2";24.83889003;"A";
"2004/2009";;"GL";"Ind_04_01";"UM_7";685.43;"A";
"2004/2009";;"GL";"Ind_04_02";"UM_2";2.910581679;"A";
"1979/1985";"2004/2009";"GL";"Ind_04_03";"UM_2";17.14621257;"A";
"2004/2009";;"GL";"Ind_04_04";"UM_2";30.0424551;"A";
"1979/1985";"2004/2009";"GL";"Ind_04_05";"UM_2";-3.92980491;"A";
"2004/2009";;"GL";"Ind_04_06";"UM_2";30.82882278;"A";
"2004/2009";;"GL";"Ind_04_07";"UM_2";36.21814044;"A";
"2019";;"GL";"Ind_05_01";"UM_2";82.1;"A";
"2020";;"GL";"Ind_05_02";"UM_2";2.1;"A";
"2018";;"GL";"Ind_06_01";"UM_8";69860.27602;"A";"P"
"2017/2018";;"GL";"Ind_06_02";"UM_2";-2.670051;"A";"P"
"2018";;"GL";"Ind_06_03";"UM_5";22.003;"A";
"2018";;"GL";"Ind_06_04";"UM_5";1.042;"A";
"2018";;"GL";"Ind_06_05";"UM_5";7.946;"A";
"2018";;"GL";"Ind_06_06";"UM_5";13.015;"A";
"2018";;"GL";"Ind_06_07";"UM_9";3317;"A";
"2018";;"GL";"Ind_06_08";"UM_9";386;"A";
"2018";;"GL";"Ind_06_09";"UM_9";627;"A";
"2018";;"GL";"Ind_06_10";"UM_9";2304;"A";
"2019";;"GL";"Ind_07_01";"UM_2";31.53380526;"A";
"2019";;"GL";"Ind_07_02";"UM_10";19.55442254;"A";
"2020";;"GL";"Ind_08_01";"UM_2";1.828898327;"A";
"2019";;"GL";"Ind_08_02";"UM_2";44.4;"A";
"2019";;"GL";"Ind_08_03";"UM_11";50;"A";
"2018";;"GL";"Ind_08_04";"UM_12";6.617264368;"A";
"2019";;"GL";"Ind_09_01";"UM_5";66.856;"A";
"2019";;"GL";"Ind_09_02";"UM_5";134.958;"A";
"2019";;"GL";"Ind_10_01";"UM_12";588.3969012;"A";
"2019";;"GL";"Ind_10_02";"UM_2";14.45702865;"A";
"2019";;"GL";"Ind_10_03";"UM_2";64.91783256;"A";
"2019";;"GL";"Ind_11_01";"UM_2";1.95778;"A";
"2019";;"GL";"Ind_12_01";"UM_13";136;"A";
"2019";;"GL";"Ind_12_02";"UM_12";3.6;"A";
"2019";;"GL";"Ind_12_03";"UM_12";154.2;"A";
"2019";;"GL";"Ind_12_04";"UM_14";5.6;"A";
"2019";;"GL";"Ind_13_01";"UM_2";23.72033699;"A";
"2019";;"GL";"Ind_13_02";"UM_2";52.10955594;"A";
"2019";;"GL";"Ind_13_03";"UM_2";24.17010707;"A";
"2019";;"GL";"Ind_13_04";"UM_2";21.69;"A";
"2019";;"GL";"Ind_14_01";"UM_2";;"M";
"2019";;"GL";"Ind_14_02";"UM_2";;"M";
"2019";;"GL";"Ind_14_03";"UM_2";28.19274734;"A";
"2019";;"GL";"Ind_14_04";"UM_2";;"M";
"2019";;"GL";"Ind_14_05";"UM_2";;"M";
"2019";;"GL";"Ind_14_06";"UM_2";;"M";
"2019";;"GL";"Ind_14_07";"UM_2";63.02719748;"A";
"2019";;"GL";"Ind_14_08";"UM_2";;"M";
"2019";;"GL";"Ind_14_09";"UM_2";2.749310209;"A";
"2019";;"GL";"Ind_14_10";"UM_2";;"M";
"2019";;"GL";"Ind_15_01";"UM_15";16.80568275;"A";
"2019";;"GL";"Ind_15_02";"UM_15";1.435536965;"A";
"2019";;"GL";"Ind_15_03";"UM_15";1.11377868;"A";
"2019";;"ZG";"Ind_01_01";"UM_1";127.642;"A";
"2010/2019";;"ZG";"Ind_01_02";"UM_2";12.85265903;"A";
"2019";;"ZG";"Ind_01_03";"UM_3";616.1517668;"A";
"2019";;"ZG";"Ind_01_04";"UM_2";20.29191019;"A";
"2019";;"ZG";"Ind_01_05";"UM_2";62.41284217;"A";
"2019";;"ZG";"Ind_01_06";"UM_2";17.29524765;"A";
"2019";;"ZG";"Ind_01_07";"UM_2";100;"A";
"2019";;"ZG";"Ind_01_08";"UM_2";28.33471741;"A";
"2019";;"ZG";"Ind_01_09";"UM_4";4.880559889;"A";
"2019";;"ZG";"Ind_01_10";"UM_4";1.917643499;"A";
"2019";;"ZG";"Ind_01_11";"UM_4";10.44486971;"A";
"2019";;"ZG";"Ind_01_12";"UM_4";6.216622983;"A";
"2019";;"ZG";"Ind_01_13";"UM_5";54.949;"A";
"2019";;"ZG";"Ind_01_14";"UM_6";2.286920599;"A";
"2019";;"ZG";"Ind_02_01";"UM_2";80.3451365;"A";
"2019";;"ZG";"Ind_02_02";"UM_2";3.444764015;"A";
"2019";;"ZG";"Ind_02_03";"UM_2";4.327408176;"A";
"2019";;"ZG";"Ind_02_04";"UM_2";0.180231345;"U";
"2019";;"ZG";"Ind_02_05";"UM_2";12.14578717;"A";
"2019";;"ZG";"Ind_03_01";"UM_2";48.00509218;"A";
"2019";;"ZG";"Ind_03_02";"UM_2";12.68329483;"A";
"2019";;"ZG";"Ind_03_03";"UM_2";26.56513744;"A";
"2004/2009";;"ZG";"Ind_04_01";"UM_7";238.71;"A";
"2004/2009";;"ZG";"Ind_04_02";"UM_2";13.84944074;"A";
"1979/1985";"2004/2009";"ZG";"Ind_04_03";"UM_2";27.4971076;"A";
"2004/2009";;"ZG";"Ind_04_04";"UM_2";43.42507645;"A";
"1979/1985";"2004/2009";"ZG";"Ind_04_05";"UM_2";-6.020491432;"A";
"2004/2009";;"ZG";"Ind_04_06";"UM_2";27.35117926;"A";
"2004/2009";;"ZG";"Ind_04_07";"UM_2";15.37430355;"A";
"2019";;"ZG";"Ind_05_01";"UM_2";80.1;"A";
"2020";;"ZG";"Ind_05_02";"UM_2";2.5;"A";
"2018";;"ZG";"Ind_06_01";"UM_8";160883.5455;"A";"P"
"2017/2018";;"ZG";"Ind_06_02";"UM_2";3.09945276;"A";"P"
"2018";;"ZG";"Ind_06_03";"UM_5";115.792;"A";
"2018";;"ZG";"Ind_06_04";"UM_5";1.866;"A";
"2018";;"ZG";"Ind_06_05";"UM_5";22.815;"A";
"2018";;"ZG";"Ind_06_06";"UM_5";91.111;"A";
"2018";;"ZG";"Ind_06_07";"UM_9";18200;"A";
"2018";;"ZG";"Ind_06_08";"UM_9";585;"A";
"2018";;"ZG";"Ind_06_09";"UM_9";1695;"A";
"2018";;"ZG";"Ind_06_10";"UM_9";15920;"A";
"2019";;"ZG";"Ind_07_01";"UM_2";16.28183244;"A";
"2019";;"ZG";"Ind_07_02";"UM_10";19.37845392;"A";
"2020";;"ZG";"Ind_08_01";"UM_2";0.701955689;"A";
"2019";;"ZG";"Ind_08_02";"UM_2";32.6;"A";
"2019";;"ZG";"Ind_08_03";"UM_11";47.4;"A";
"2018";;"ZG";"Ind_08_04";"UM_12";6.075537589;"A";
"2019";;"ZG";"Ind_09_01";"UM_5";133.907;"A";
"2019";;"ZG";"Ind_09_02";"UM_5";278.756;"A";
"2019";;"ZG";"Ind_10_01";"UM_12";680.9763712;"A";
"2019";;"ZG";"Ind_10_02";"UM_2";33.13600738;"A";
"2019";;"ZG";"Ind_10_03";"UM_2";47.69755648;"A";
"2019";;"ZG";"Ind_11_01";"UM_2";1.62492;"A";
"2019";;"ZG";"Ind_12_01";"UM_13";211;"A";
"2019";;"ZG";"Ind_12_02";"UM_12";4.4;"A";
"2019";;"ZG";"Ind_12_03";"UM_12";132;"A";
"2019";;"ZG";"Ind_12_04";"UM_14";4.3;"A";
"2019";;"ZG";"Ind_13_01";"UM_2";12.46952096;"A";
"2019";;"ZG";"Ind_13_02";"UM_2";41.62292237;"A";
"2019";;"ZG";"Ind_13_03";"UM_2";45.90755667;"A";
"2019";;"ZG";"Ind_13_04";"UM_2";29.78;"A";
"2019";;"ZG";"Ind_14_01";"UM_2";14.67679897;"A";
"2019";;"ZG";"Ind_14_02";"UM_2";23.78140105;"A";
"2019";;"ZG";"Ind_14_03";"UM_2";9.345428552;"A";
"2019";;"ZG";"Ind_14_04";"UM_2";26.61089931;"A";
"2019";;"ZG";"Ind_14_05";"UM_2";0.820341752;"A";
"2019";;"ZG";"Ind_14_06";"UM_2";5.535604874;"A";
"2019";;"ZG";"Ind_14_07";"UM_2";;"M";
"2019";;"ZG";"Ind_14_08";"UM_2";;"M";
"2019";;"ZG";"Ind_14_09";"UM_2";19.2295255;"A";
"2019";;"ZG";"Ind_14_10";"UM_2";;"M";
"2019";;"ZG";"Ind_15_01";"UM_15";32.19880634;"A";
"2019";;"ZG";"Ind_15_02";"UM_15";5.15622413;"A";
"2019";;"ZG";"Ind_15_03";"UM_15";2.27063081;"A";
"2019";;"FR";"Ind_01_01";"UM_1";321.783;"A";
"2010/2019";;"FR";"Ind_01_02";"UM_2";15.54437634;"A";
"2019";;"FR";"Ind_01_03";"UM_3";201.962618;"A";
"2019";;"FR";"Ind_01_04";"UM_2";22.18265104;"A";
"2019";;"FR";"Ind_01_05";"UM_2";61.81401752;"A";
"2019";;"FR";"Ind_01_06";"UM_2";16.00333144;"A";
"2019";;"FR";"Ind_01_07";"UM_2";74.77337212;"A";
"2019";;"FR";"Ind_01_08";"UM_2";22.82780632;"A";
"2019";;"FR";"Ind_01_09";"UM_4";4.187373243;"A";
"2019";;"FR";"Ind_01_10";"UM_4";1.954732028;"A";
"2019";;"FR";"Ind_01_11";"UM_4";10.92276779;"A";
"2019";;"FR";"Ind_01_12";"UM_4";6.554285188;"A";
"2019";;"FR";"Ind_01_13";"UM_5";133.515;"A";
"2019";;"FR";"Ind_01_14";"UM_6";2.366505636;"A";
"2019";;"FR";"Ind_02_01";"UM_2";26.05633267;"A";
"2019";;"FR";"Ind_02_02";"UM_2";69.03949683;"A";
"2019";;"FR";"Ind_02_03";"UM_2";2.414964173;"A";
"2019";;"FR";"Ind_02_04";"UM_2";0.061512016;"U";
"2019";;"FR";"Ind_02_05";"UM_2";3.887624022;"A";
"2019";;"FR";"Ind_03_01";"UM_2";57.97056203;"A";
"2019";;"FR";"Ind_03_02";"UM_2";11.80640691;"A";
"2019";;"FR";"Ind_03_03";"UM_2";20.79275397;"A";
"2004/2009";;"FR";"Ind_04_01";"UM_7";1671.37;"A";
"2004/2009";;"FR";"Ind_04_02";"UM_2";8.374566972;"A";
"1979/1985";"2004/2009";"FR";"Ind_04_03";"UM_2";34.64498749;"A";
"2004/2009";;"FR";"Ind_04_04";"UM_2";56.25325332;"A";
"1979/1985";"2004/2009";"FR";"Ind_04_05";"UM_2";-4.310704509;"A";
"2004/2009";;"FR";"Ind_04_06";"UM_2";26.9491495;"A";
"2004/2009";;"FR";"Ind_04_07";"UM_2";8.423030209;"A";
"2019";;"FR";"Ind_05_01";"UM_2";79.3;"A";
"2020";;"FR";"Ind_05_02";"UM_2";3.3;"A";
"2018";;"FR";"Ind_06_01";"UM_8";61236.99758;"A";"P"
"2017/2018";;"FR";"Ind_06_02";"UM_2";1.88325503;"A";"P"
"2018";;"FR";"Ind_06_03";"UM_5";153.802;"A";
"2018";;"FR";"Ind_06_04";"UM_5";8.643;"A";
"2018";;"FR";"Ind_06_05";"UM_5";38.353;"A";
"2018";;"FR";"Ind_06_06";"UM_5";106.806;"A";
"2018";;"FR";"Ind_06_07";"UM_9";22004;"A";
"2018";;"FR";"Ind_06_08";"UM_9";2860;"A";
"2018";;"FR";"Ind_06_09";"UM_9";3478;"A";
"2018";;"FR";"Ind_06_10";"UM_9";15666;"A";
"2019";;"FR";"Ind_07_01";"UM_2";8.903679162;"A";
"2019";;"FR";"Ind_07_02";"UM_10";27.50054721;"A";
"2020";;"FR";"Ind_08_01";"UM_2";1.891498918;"A";
"2019";;"FR";"Ind_08_02";"UM_2";42.2;"A";
"2019";;"FR";"Ind_08_03";"UM_11";45.3;"A";
"2018";;"FR";"Ind_08_04";"UM_12";9.086754223;"A";
"2019";;"FR";"Ind_09_01";"UM_5";298.771;"A";
"2019";;"FR";"Ind_09_02";"UM_5";481.899;"A";
"2019";;"FR";"Ind_10_01";"UM_12";591.0220448;"A";
"2019";;"FR";"Ind_10_02";"UM_2";18.25393819;"A";
"2019";;"FR";"Ind_10_03";"UM_2";70.21299166;"A";
"2019";;"FR";"Ind_11_01";"UM_2";2.29077;"A";
"2019";;"FR";"Ind_12_01";"UM_13";156;"A";
"2019";;"FR";"Ind_12_02";"UM_12";2.7;"A";
"2019";;"FR";"Ind_12_03";"UM_12";128.3;"A";
"2019";;"FR";"Ind_12_04";"UM_14";5.3;"A";
"2019";;"FR";"Ind_13_01";"UM_2";25.85368667;"A";
"2019";;"FR";"Ind_13_02";"UM_2";42.05488081;"A";
"2019";;"FR";"Ind_13_03";"UM_2";32.09143253;"A";
"2019";;"FR";"Ind_13_04";"UM_2";29.8;"A";
"2019";;"FR";"Ind_14_01";"UM_2";15.42033685;"A";
"2019";;"FR";"Ind_14_02";"UM_2";17.8014195;"A";
"2019";;"FR";"Ind_14_03";"UM_2";21.22582153;"A";
"2019";;"FR";"Ind_14_04";"UM_2";20.18117582;"A";
"2019";;"FR";"Ind_14_05";"UM_2";3.99422386;"A";
"2019";;"FR";"Ind_14_06";"UM_2";5.380066349;"A";
"2019";;"FR";"Ind_14_07";"UM_2";0.652053895;"A";
"2019";;"FR";"Ind_14_08";"UM_2";;"M";
"2019";;"FR";"Ind_14_09";"UM_2";12.46379551;"A";
"2019";;"FR";"Ind_14_10";"UM_2";0.734451756;"A";
"2019";;"FR";"Ind_15_01";"UM_15";36.86063367;"A";
"2019";;"FR";"Ind_15_02";"UM_15";14.91933207;"A";
"2019";;"FR";"Ind_15_03";"UM_15";4.486781252;"A";
"2019";;"SO";"Ind_01_01";"UM_1";275.247;"A";
"2010/2019";;"SO";"Ind_01_02";"UM_2";7.819918209;"A";
"2019";;"SO";"Ind_01_03";"UM_3";348.2155734;"A";
"2019";;"SO";"Ind_01_04";"UM_2";19.02000748;"A";
"2019";;"SO";"Ind_01_05";"UM_2";61.11419925;"A";
"2019";;"SO";"Ind_01_06";"UM_2";19.86579327;"A";
"2019";;"SO";"Ind_01_07";"UM_2";85.93554153;"A";
"2019";;"SO";"Ind_01_08";"UM_2";22.94048618;"A";
"2019";;"SO";"Ind_01_09";"UM_4";4.591195771;"A";
"2019";;"SO";"Ind_01_10";"UM_4";1.772296382;"A";
"2019";;"SO";"Ind_01_11";"UM_4";9.45224737;"A";
"2019";;"SO";"Ind_01_12";"UM_4";8.427524565;"A";
"2019";;"SO";"Ind_01_13";"UM_5";122.863;"A";
"2019";;"SO";"Ind_01_14";"UM_6";2.205253005;"A";
"2019";;"SO";"Ind_02_01";"UM_2";87.13562072;"A";
"2019";;"SO";"Ind_02_02";"UM_2";2.938333822;"A";
"2019";;"SO";"Ind_02_03";"UM_2";4.786334375;"A";
"2019";;"SO";"Ind_02_04";"UM_2";0.180591503;"U";
"2019";;"SO";"Ind_02_05";"UM_2";4.278058715;"A";
"2019";;"SO";"Ind_03_01";"UM_2";31.20760774;"A";
"2019";;"SO";"Ind_03_02";"UM_2";18.79239226;"A";
"2019";;"SO";"Ind_03_03";"UM_2";35.86406862;"A";
"2004/2009";;"SO";"Ind_04_01";"UM_7";790.37;"A";
"2004/2009";;"SO";"Ind_04_02";"UM_2";13.85680125;"A";
"1979/1985";"2004/2009";"SO";"Ind_04_03";"UM_2";24.38969002;"A";
"2004/2009";;"SO";"Ind_04_04";"UM_2";42.31056341;"A";
"1979/1985";"2004/2009";"SO";"Ind_04_05";"UM_2";-5.781747485;"A";
"2004/2009";;"SO";"Ind_04_06";"UM_2";42.74200691;"A";
"2004/2009";;"SO";"Ind_04_07";"UM_2";1.09062844;"A";
"2019";;"SO";"Ind_05_01";"UM_2";81.4;"A";
"2020";;"SO";"Ind_05_02";"UM_2";2.9;"A";
"2018";;"SO";"Ind_06_01";"UM_8";68639.70042;"A";"P"
"2017/2018";;"SO";"Ind_06_02";"UM_2";2.06129268;"A";"P"
"2018";;"SO";"Ind_06_03";"UM_5";144.858;"A";
"2018";;"SO";"Ind_06_04";"UM_5";4.208;"A";
"2018";;"SO";"Ind_06_05";"UM_5";37.917;"A";
"2018";;"SO";"Ind_06_06";"UM_5";102.733;"A";
"2018";;"SO";"Ind_06_07";"UM_9";18207;"A";
"2018";;"SO";"Ind_06_08";"UM_9";1444;"A";
"2018";;"SO";"Ind_06_09";"UM_9";3074;"A";
"2018";;"SO";"Ind_06_10";"UM_9";13689;"A";
"2019";;"SO";"Ind_07_01";"UM_2";16.66771263;"A";
"2019";;"SO";"Ind_07_02";"UM_10";23.50801818;"A";
"2020";;"SO";"Ind_08_01";"UM_2";3.220715874;"A";
"2019";;"SO";"Ind_08_02";"UM_2";47.3;"A";
"2019";;"SO";"Ind_08_03";"UM_11";49.9;"A";
"2018";;"SO";"Ind_08_04";"UM_12";5.290459489;"A";
"2019";;"SO";"Ind_09_01";"UM_5";231.378;"A";
"2019";;"SO";"Ind_09_02";"UM_5";435.355;"A";
"2019";;"SO";"Ind_10_01";"UM_12";581.2755771;"A";
"2019";;"SO";"Ind_10_02";"UM_2";21.70730677;"A";
"2019";;"SO";"Ind_10_03";"UM_2";62.81367536;"A";
"2019";;"SO";"Ind_11_01";"UM_2";3.39759;"A";
"2019";;"SO";"Ind_12_01";"UM_13";159;"A";
"2019";;"SO";"Ind_12_02";"UM_12";2.6;"A";
"2019";;"SO";"Ind_12_03";"UM_12";158.5;"A";
"2019";;"SO";"Ind_12_04";"UM_14";5.2;"A";
"2019";;"SO";"Ind_13_01";"UM_2";18.52211768;"A";
"2019";;"SO";"Ind_13_02";"UM_2";53.13299076;"A";
"2019";;"SO";"Ind_13_03";"UM_2";28.34489156;"A";
"2019";;"SO";"Ind_13_04";"UM_2";24.12;"A";
"2019";;"SO";"Ind_14_01";"UM_2";18.52025386;"A";
"2019";;"SO";"Ind_14_02";"UM_2";14.19891054;"A";
"2019";;"SO";"Ind_14_03";"UM_2";18.4400531;"A";
"2019";;"SO";"Ind_14_04";"UM_2";25.90927606;"A";
"2019";;"SO";"Ind_14_05";"UM_2";1.199423399;"A";
"2019";;"SO";"Ind_14_06";"UM_2";6.807988839;"A";
"2019";;"SO";"Ind_14_07";"UM_2";1.988767673;"A";
"2019";;"SO";"Ind_14_08";"UM_2";;"M";
"2019";;"SO";"Ind_14_09";"UM_2";11.41721066;"A";
"2019";;"SO";"Ind_14_10";"UM_2";0.602560937;"A";
"2019";;"SO";"Ind_15_01";"UM_15";53.80059591;"A";
"2019";;"SO";"Ind_15_02";"UM_15";6.844952671;"A";
"2019";;"SO";"Ind_15_03";"UM_15";1.819220041;"A";
"2019";;"BS";"Ind_01_01";"UM_1";195.844;"A";
"2010/2019";;"BS";"Ind_01_02";"UM_2";5.890240606;"A";
"2019";;"BS";"Ind_01_03";"UM_3";5300.243572;"A";
"2019";;"BS";"Ind_01_04";"UM_2";17.3449276;"A";
"2019";;"BS";"Ind_01_05";"UM_2";62.86380997;"A";
"2019";;"BS";"Ind_01_06";"UM_2";19.79126243;"A";
"2019";;"BS";"Ind_01_07";"UM_2";100;"A";
"2019";;"BS";"Ind_01_08";"UM_2";36.64089786;"A";
"2019";;"BS";"Ind_01_09";"UM_4";4.946109931;"A";
"2019";;"BS";"Ind_01_10";"UM_4";2.017357467;"A";
"2019";;"BS";"Ind_01_11";"UM_4";10.54760503;"A";
"2019";;"BS";"Ind_01_12";"UM_4";10.56296562;"A";
"2019";;"BS";"Ind_01_13";"UM_5";97.49;"A";
"2019";;"BS";"Ind_01_14";"UM_6";1.945061032;"A";
"2019";;"BS";"Ind_02_01";"UM_2";76.82066384;"A";
"2019";;"BS";"Ind_02_02";"UM_2";5.03957298;"A";
"2019";;"BS";"Ind_02_03";"UM_2";6.148843487;"A";
"2019";;"BS";"Ind_02_04";"UM_2";0.163995859;"U";
"2019";;"BS";"Ind_02_05";"UM_2";12.11239953;"A";
"2019";;"BS";"Ind_03_01";"UM_2";14.94263452;"A";
"2019";;"BS";"Ind_03_02";"UM_2";14.58985214;"A";
"2019";;"BS";"Ind_03_03";"UM_2";52.84005154;"A";
"2004/2009";;"BS";"Ind_04_01";"UM_7";36.98;"A";
"2004/2009";;"BS";"Ind_04_02";"UM_2";71.06544078;"A";
"1979/1985";"2004/2009";"BS";"Ind_04_03";"UM_2";1.310717039;"A";
"2004/2009";;"BS";"Ind_04_04";"UM_2";12.03353164;"A";
"1979/1985";"2004/2009";"BS";"Ind_04_05";"UM_2";-5.672268908;"A";
"2004/2009";;"BS";"Ind_04_06";"UM_2";12.41211466;"A";
"2004/2009";;"BS";"Ind_04_07";"UM_2";4.488912926;"A";
"2019";;"BS";"Ind_05_01";"UM_2";77.5;"A";
"2020";;"BS";"Ind_05_02";"UM_2";3.8;"A";
"2018";;"BS";"Ind_06_01";"UM_8";203966.653;"A";"P"
"2017/2018";;"BS";"Ind_06_02";"UM_2";3.05867743;"A";"P"
"2018";;"BS";"Ind_06_03";"UM_5";190.756;"A";
"2018";;"BS";"Ind_06_04";"UM_5";0.075;"A";
"2018";;"BS";"Ind_06_05";"UM_5";35.493;"A";
"2018";;"BS";"Ind_06_06";"UM_5";155.188;"A";
"2018";;"BS";"Ind_06_07";"UM_9";16924;"A";
"2018";;"BS";"Ind_06_08";"UM_9";21;"A";
"2018";;"BS";"Ind_06_09";"UM_9";1466;"A";
"2018";;"BS";"Ind_06_10";"UM_9";15437;"A";
"2019";;"BS";"Ind_07_01";"UM_2";40.99842057;"A";
"2019";;"BS";"Ind_07_02";"UM_10";35.18674167;"A";
"2020";;"BS";"Ind_08_01";"UM_2";0.961417845;"A";
"2019";;"BS";"Ind_08_02";"UM_2";15.8;"A";
"2019";;"BS";"Ind_08_03";"UM_11";41.4;"A";
"2018";;"BS";"Ind_08_04";"UM_12";4.099882419;"A";
"2019";;"BS";"Ind_09_01";"UM_5";757.234;"A";
"2019";;"BS";"Ind_09_02";"UM_5";1423.481;"A";
"2019";;"BS";"Ind_10_01";"UM_12";337.0403459;"A";
"2019";;"BS";"Ind_10_02";"UM_2";47.17066546;"A";
"2019";;"BS";"Ind_10_03";"UM_2";17.17846185;"A";
"2019";;"BS";"Ind_11_01";"UM_2";6.02415;"A";
"2019";;"BS";"Ind_12_01";"UM_13";442;"A";
"2019";;"BS";"Ind_12_02";"UM_12";10.9;"A";
"2019";;"BS";"Ind_12_03";"UM_12";171.7;"A";
"2019";;"BS";"Ind_12_04";"UM_14";5.5;"A";
"2019";;"BS";"Ind_13_01";"UM_2";18.26982689;"A";
"2019";;"BS";"Ind_13_02";"UM_2";36.88438034;"A";
"2019";;"BS";"Ind_13_03";"UM_2";44.84647405;"A";
"2019";;"BS";"Ind_13_04";"UM_2";24.88;"A";
"2019";;"BS";"Ind_14_01";"UM_2";21.37639642;"A";
"2019";;"BS";"Ind_14_02";"UM_2";4.570072075;"A";
"2019";;"BS";"Ind_14_03";"UM_2";32.65003714;"A";
"2019";;"BS";"Ind_14_04";"UM_2";12.35046675;"A";
"2019";;"BS";"Ind_14_05";"UM_2";2.017789091;"A";
"2019";;"BS";"Ind_14_06";"UM_2";5.698406596;"A";
"2019";;"BS";"Ind_14_07";"UM_2";0.367651176;"A";
"2019";;"BS";"Ind_14_08";"UM_2";;"M";
"2019";;"BS";"Ind_14_09";"UM_2";17.69503242;"A";
"2019";;"BS";"Ind_14_10";"UM_2";0.282176943;"A";
"2019";;"BS";"Ind_15_01";"UM_15";109.0231355;"A";
"2019";;"BS";"Ind_15_02";"UM_15";18.20132877;"A";
"2019";;"BS";"Ind_15_03";"UM_15";17.37469579;"A";
"2019";;"BL";"Ind_01_01";"UM_1";289.468;"A";
"2010/2019";;"BL";"Ind_01_02";"UM_2";5.489715893;"A";
"2019";;"BL";"Ind_01_03";"UM_3";559.1747638;"A";
"2019";;"BL";"Ind_01_04";"UM_2";19.15859439;"A";
"2019";;"BL";"Ind_01_05";"UM_2";58.66278829;"A";
"2019";;"BL";"Ind_01_06";"UM_2";22.17861733;"A";
"2019";;"BL";"Ind_01_07";"UM_2";97.63186259;"A";
"2019";;"BL";"Ind_01_08";"UM_2";23.09512623;"A";
"2019";;"BL";"Ind_01_09";"UM_4";4.400969529;"A";
"2019";;"BL";"Ind_01_10";"UM_4";1.772853186;"A";
"2019";;"BL";"Ind_01_11";"UM_4";8.805401662;"A";
"2019";;"BL";"Ind_01_12";"UM_4";8.590720222;"A";
"2019";;"BL";"Ind_01_13";"UM_5";128.744;"A";
"2019";;"BL";"Ind_01_14";"UM_6";2.215551793;"A";
"2019";;"BL";"Ind_02_01";"UM_2";86.17525904;"A";
"2019";;"BL";"Ind_02_02";"UM_2";3.248169337;"A";
"2019";;"BL";"Ind_02_03";"UM_2";5.515604273;"A";
"2019";;"BL";"Ind_02_04";"UM_2";0.10837281;"U";
"2019";;"BL";"Ind_02_05";"UM_2";6.70127438;"A";
"2019";;"BL";"Ind_03_01";"UM_2";26.22766345;"A";
"2019";;"BL";"Ind_03_02";"UM_2";27.63839321;"A";
"2019";;"BL";"Ind_03_03";"UM_2";32.4628015;"A";
"2004/2009";;"BL";"Ind_04_01";"UM_7";517.74;"A";
"2004/2009";;"BL";"Ind_04_02";"UM_2";17.43152934;"A";
"1979/1985";"2004/2009";"BL";"Ind_04_03";"UM_2";17.42355237;"A";
"2004/2009";;"BL";"Ind_04_04";"UM_2";40.50681809;"A";
"1979/1985";"2004/2009";"BL";"Ind_04_05";"UM_2";-5.672769805;"A";
"2004/2009";;"BL";"Ind_04_06";"UM_2";41.33155638;"A";
"2004/2009";;"BL";"Ind_04_07";"UM_2";0.730096187;"A";
"2019";;"BL";"Ind_05_01";"UM_2";77.6;"A";
"2020";;"BL";"Ind_05_02";"UM_2";2.5;"A";
"2018";;"BL";"Ind_06_01";"UM_8";73549.85891;"A";"P"
"2017/2018";;"BL";"Ind_06_02";"UM_2";0.73542068;"A";"P"
"2018";;"BL";"Ind_06_03";"UM_5";150.816;"A";
"2018";;"BL";"Ind_06_04";"UM_5";3.115;"A";
"2018";;"BL";"Ind_06_05";"UM_5";39.988;"A";
"2018";;"BL";"Ind_06_06";"UM_5";107.713;"A";
"2018";;"BL";"Ind_06_07";"UM_9";19664;"A";
"2018";;"BL";"Ind_06_08";"UM_9";980;"A";
"2018";;"BL";"Ind_06_09";"UM_9";3158;"A";
"2018";;"BL";"Ind_06_10";"UM_9";15526;"A";
"2019";;"BL";"Ind_07_01";"UM_2";18.00686469;"A";
"2019";;"BL";"Ind_07_02";"UM_10";23.61126913;"A";
"2020";;"BL";"Ind_08_01";"UM_2";1.135382217;"A";
"2019";;"BL";"Ind_08_02";"UM_2";44.1;"A";
"2019";;"BL";"Ind_08_03";"UM_11";47.9;"A";
"2018";;"BL";"Ind_08_04";"UM_12";4.630290952;"A";
"2019";;"BL";"Ind_09_01";"UM_5";145.582;"A";
"2019";;"BL";"Ind_09_02";"UM_5";283.106;"A";
"2019";;"BL";"Ind_10_01";"UM_12";518.036872;"A";
"2019";;"BL";"Ind_10_02";"UM_2";38.31307315;"A";
"2019";;"BL";"Ind_10_03";"UM_2";45.26107201;"A";
"2019";;"BL";"Ind_11_01";"UM_2";3.02223;"A";
"2019";;"BL";"Ind_12_01";"UM_13";246;"A";
"2019";;"BL";"Ind_12_02";"UM_12";3.4;"A";
"2019";;"BL";"Ind_12_03";"UM_12";170.5;"A";
"2019";;"BL";"Ind_12_04";"UM_14";5;"A";
"2019";;"BL";"Ind_13_01";"UM_2";16.52681792;"A";
"2019";;"BL";"Ind_13_02";"UM_2";49.56137289;"A";
"2019";;"BL";"Ind_13_03";"UM_2";33.9113438;"A";
"2019";;"BL";"Ind_13_04";"UM_2";33.98;"A";
"2019";;"BL";"Ind_14_01";"UM_2";16.5194847;"A";
"2019";;"BL";"Ind_14_02";"UM_2";8.488285778;"A";
"2019";;"BL";"Ind_14_03";"UM_2";21.79554688;"A";
"2019";;"BL";"Ind_14_04";"UM_2";25.14782189;"A";
"2019";;"BL";"Ind_14_05";"UM_2";3.49671446;"A";
"2019";;"BL";"Ind_14_06";"UM_2";5.257595869;"A";
"2019";;"BL";"Ind_14_07";"UM_2";1.182940787;"A";
"2019";;"BL";"Ind_14_08";"UM_2";;"M";
"2019";;"BL";"Ind_14_09";"UM_2";17.99569241;"A";
"2019";;"BL";"Ind_14_10";"UM_2";;"M";
"2019";;"BL";"Ind_15_01";"UM_15";36.23686366;"A";
"2019";;"BL";"Ind_15_02";"UM_15";2.939624894;"A";
"2019";;"BL";"Ind_15_03";"UM_15";0.461593992;"A";
"2019";;"SH";"Ind_01_01";"UM_1";82.348;"A";
"2010/2019";;"SH";"Ind_01_02";"UM_2";7.847451412;"A";
"2019";;"SH";"Ind_01_03";"UM_3";276.187282;"A";
"2019";;"SH";"Ind_01_04";"UM_2";18.70476514;"A";
"2019";;"SH";"Ind_01_05";"UM_2";59.86909215;"A";
"2019";;"SH";"Ind_01_06";"UM_2";21.42614271;"A";
"2019";;"SH";"Ind_01_07";"UM_2";89.74352747;"A";
"2019";;"SH";"Ind_01_08";"UM_2";26.05649196;"A";
"2019";;"SH";"Ind_01_09";"UM_4";4.904496194;"A";
"2019";;"SH";"Ind_01_10";"UM_4";1.983704416;"A";
"2019";;"SH";"Ind_01_11";"UM_4";8.811055197;"A";
"2019";;"SH";"Ind_01_12";"UM_4";9.845502285;"A";
"2019";;"SH";"Ind_01_13";"UM_5";37.719;"A";
"2019";;"SH";"Ind_01_14";"UM_6";2.145046263;"A";
"2019";;"SH";"Ind_02_01";"UM_2";86.79645252;"A";
"2019";;"SH";"Ind_02_02";"UM_2";1.767971736;"U";
"2019";;"SH";"Ind_02_03";"UM_2";3.87627082;"A";
"2019";;"SH";"Ind_02_04";"UM_2";;"Q";
"2019";;"SH";"Ind_02_05";"UM_2";5.192876199;"A";
"2019";;"SH";"Ind_03_01";"UM_2";21.06280193;"A";
"2019";;"SH";"Ind_03_02";"UM_2";32.5675968;"A";
"2019";;"SH";"Ind_03_03";"UM_2";28.71439902;"A";
"2004/2009";;"SH";"Ind_04_01";"UM_7";298.43;"A";
"2004/2009";;"SH";"Ind_04_02";"UM_2";11.40300908;"A";
"1979/1985";"2004/2009";"SH";"Ind_04_03";"UM_2";14.50690003;"A";
"2004/2009";;"SH";"Ind_04_04";"UM_2";43.88968937;"A";
"1979/1985";"2004/2009";"SH";"Ind_04_05";"UM_2";-3.888481291;"A";
"2004/2009";;"SH";"Ind_04_06";"UM_2";43.35690112;"A";
"2004/2009";;"SH";"Ind_04_07";"UM_2";1.350400429;"A";
"2019";;"SH";"Ind_05_01";"UM_2";79.9;"A";
"2020";;"SH";"Ind_05_02";"UM_2";3.6;"A";
"2018";;"SH";"Ind_06_01";"UM_8";91378.51408;"A";"P"
"2017/2018";;"SH";"Ind_06_02";"UM_2";4.15366081;"A";"P"
"2018";;"SH";"Ind_06_03";"UM_5";46.586;"A";
"2018";;"SH";"Ind_06_04";"UM_5";1.882;"A";
"2018";;"SH";"Ind_06_05";"UM_5";13.095;"A";
"2018";;"SH";"Ind_06_06";"UM_5";31.609;"A";
"2018";;"SH";"Ind_06_07";"UM_9";6529;"A";
"2018";;"SH";"Ind_06_08";"UM_9";579;"A";
"2018";;"SH";"Ind_06_09";"UM_9";937;"A";
"2018";;"SH";"Ind_06_10";"UM_9";5013;"A";
"2019";;"SH";"Ind_07_01";"UM_2";6.495735011;"A";
"2019";;"SH";"Ind_07_02";"UM_10";29.72339532;"A";
"2020";;"SH";"Ind_08_01";"UM_2";2.029154519;"A";
"2019";;"SH";"Ind_08_02";"UM_2";41.6;"A";
"2019";;"SH";"Ind_08_03";"UM_11";51.2;"A";
"2018";;"SH";"Ind_08_04";"UM_12";3.724600804;"A";
"2019";;"SH";"Ind_09_01";"UM_5";90.24;"A";
"2019";;"SH";"Ind_09_02";"UM_5";148.298;"A";
"2019";;"SH";"Ind_10_01";"UM_12";562.0738862;"A";
"2019";;"SH";"Ind_10_02";"UM_2";30.34300792;"A";
"2019";;"SH";"Ind_10_03";"UM_2";54.75533701;"A";
"2019";;"SH";"Ind_11_01";"UM_2";2.71371;"A";
"2019";;"SH";"Ind_12_01";"UM_13";187;"A";
"2019";;"SH";"Ind_12_02";"UM_12";3.6;"A";
"2019";;"SH";"Ind_12_03";"UM_12";146.2;"A";
"2019";;"SH";"Ind_12_04";"UM_14";5.3;"A";
"2019";;"SH";"Ind_13_01";"UM_2";17.62605833;"A";
"2019";;"SH";"Ind_13_02";"UM_2";52.51789136;"A";
"2019";;"SH";"Ind_13_03";"UM_2";29.85605031;"A";
"2019";;"SH";"Ind_13_04";"UM_2";27.71;"A";
"2019";;"SH";"Ind_14_01";"UM_2";11.03476753;"A";
"2019";;"SH";"Ind_14_02";"UM_2";2.142208275;"A";
"2019";;"SH";"Ind_14_03";"UM_2";26.15575192;"A";
"2019";;"SH";"Ind_14_04";"UM_2";39.45164754;"A";
"2019";;"SH";"Ind_14_05";"UM_2";1.879593691;"A";
"2019";;"SH";"Ind_14_06";"UM_2";5.949293914;"A";
"2019";;"SH";"Ind_14_07";"UM_2";;"M";
"2019";;"SH";"Ind_14_08";"UM_2";;"M";
"2019";;"SH";"Ind_14_09";"UM_2";6.829630853;"A";
"2019";;"SH";"Ind_14_10";"UM_2";3.4;"A";
"2019";;"SH";"Ind_15_01";"UM_15";41.9314315;"A";
"2019";;"SH";"Ind_15_02";"UM_15";8.574111793;"A";
"2019";;"SH";"Ind_15_03";"UM_15";4.793209011;"A";
"2019";;"AR";"Ind_01_01";"UM_1";55.445;"A";
"2010/2019";;"AR";"Ind_01_02";"UM_2";4.579663127;"A";
"2019";;"AR";"Ind_01_03";"UM_3";228.3190578;"A";
"2019";;"AR";"Ind_01_04";"UM_2";20.19659122;"A";
"2019";;"AR";"Ind_01_05";"UM_2";59.87014158;"A";
"2019";;"AR";"Ind_01_06";"UM_2";19.9332672;"A";
"2019";;"AR";"Ind_01_07";"UM_2";76.60925241;"A";
"2019";;"AR";"Ind_01_08";"UM_2";16.45955451;"A";
"2019";;"AR";"Ind_01_09";"UM_4";4.987395983;"A";
"2019";;"AR";"Ind_01_10";"UM_4";2.005800558;"A";
"2019";;"AR";"Ind_01_11";"UM_4";10.08321362;"A";
"2019";;"AR";"Ind_01_12";"UM_4";8.746013246;"A";
"2019";;"AR";"Ind_01_13";"UM_5";24.008;"A";
"2019";;"AR";"Ind_01_14";"UM_6";2.271159614;"A";
"2019";;"AR";"Ind_02_01";"UM_2";90.78998912;"A";
"2019";;"AR";"Ind_02_02";"UM_2";1.116697127;"U";
"2019";;"AR";"Ind_02_03";"UM_2";2.254624592;"U";
"2019";;"AR";"Ind_02_04";"UM_2";;"Q";
"2019";;"AR";"Ind_02_05";"UM_2";4.646354733;"A";
"2019";;"AR";"Ind_03_01";"UM_2";27.74755169;"A";
"2019";;"AR";"Ind_03_02";"UM_2";37.61915125;"A";
"2019";;"AR";"Ind_03_03";"UM_2";21.72361262;"A";
"2004/2009";;"AR";"Ind_04_01";"UM_7";242.92;"A";
"2004/2009";;"AR";"Ind_04_02";"UM_2";9.184093529;"A";
"1979/1985";"2004/2009";"AR";"Ind_04_03";"UM_2";21.91256831;"A";
"2004/2009";;"AR";"Ind_04_04";"UM_2";54.79170097;"A";
"1979/1985";"2004/2009";"AR";"Ind_04_05";"UM_2";-2.839001606;"A";
"2004/2009";;"AR";"Ind_04_06";"UM_2";34.50107031;"A";
"2004/2009";;"AR";"Ind_04_07";"UM_2";1.523135189;"A";
"2019";;"AR";"Ind_05_01";"UM_2";80.6;"A";
"2020";;"AR";"Ind_05_02";"UM_2";2.1;"A";
"2018";;"AR";"Ind_06_01";"UM_8";58807.11516;"A";"P"
"2017/2018";;"AR";"Ind_06_02";"UM_2";2.91916892;"A";"P"
"2018";;"AR";"Ind_06_03";"UM_5";27.307;"A";
"2018";;"AR";"Ind_06_04";"UM_5";1.696;"A";
"2018";;"AR";"Ind_06_05";"UM_5";7.742;"A";
"2018";;"AR";"Ind_06_06";"UM_5";17.869;"A";
"2018";;"AR";"Ind_06_07";"UM_9";5096;"A";
"2018";;"AR";"Ind_06_08";"UM_9";729;"A";
"2018";;"AR";"Ind_06_09";"UM_9";825;"A";
"2018";;"AR";"Ind_06_10";"UM_9";3542;"A";
"2019";;"AR";"Ind_07_01";"UM_2";23.94426322;"A";
"2019";;"AR";"Ind_07_02";"UM_10";17.20105826;"A";
"2020";;"AR";"Ind_08_01";"UM_2";1.644602156;"A";
"2019";;"AR";"Ind_08_02";"UM_2";46.7;"A";
"2019";;"AR";"Ind_08_03";"UM_11";51.1;"A";
"2018";;"AR";"Ind_08_04";"UM_12";4.494544927;"A";
"2019";;"AR";"Ind_09_01";"UM_5";65.324;"A";
"2019";;"AR";"Ind_09_02";"UM_5";111.803;"A";
"2019";;"AR";"Ind_10_01";"UM_12";579.4981352;"A";
"2019";;"AR";"Ind_10_02";"UM_2";21.17197342;"A";
"2019";;"AR";"Ind_10_03";"UM_2";62.78180791;"A";
"2019";;"AR";"Ind_11_01";"UM_2";2.33371;"A";
"2019";;"AR";"Ind_12_01";"UM_13";177;"A";
"2019";;"AR";"Ind_12_02";"UM_12";9.1;"A";
"2019";;"AR";"Ind_12_03";"UM_12";165.5;"A";
"2019";;"AR";"Ind_12_04";"UM_14";4.3;"A";
"2019";;"AR";"Ind_13_01";"UM_2";17.92490315;"A";
"2019";;"AR";"Ind_13_02";"UM_2";50.35015397;"A";
"2019";;"AR";"Ind_13_03";"UM_2";31.72494288;"A";
"2019";;"AR";"Ind_13_04";"UM_2";29.87;"A";
"2019";;"AR";"Ind_14_01";"UM_2";48.43689942;"A";
"2019";;"AR";"Ind_14_02";"UM_2";;"M";
"2019";;"AR";"Ind_14_03";"UM_2";;"M";
"2019";;"AR";"Ind_14_04";"UM_2";49.45547726;"A";
"2019";;"AR";"Ind_14_05";"UM_2";;"M";
"2019";;"AR";"Ind_14_06";"UM_2";;"M";
"2019";;"AR";"Ind_14_07";"UM_2";;"M";
"2019";;"AR";"Ind_14_08";"UM_2";;"M";
"2019";;"AR";"Ind_14_09";"UM_2";;"M";
"2019";;"AR";"Ind_14_10";"UM_2";;"M";
"2019";;"AR";"Ind_15_01";"UM_15";32.19031756;"A";
"2019";;"AR";"Ind_15_02";"UM_15";3.729586849;"A";
"2019";;"AR";"Ind_15_03";"UM_15";1.01386827;"A";
"2019";;"AI";"Ind_01_01";"UM_1";16.128;"A";
"2010/2019";;"AI";"Ind_01_02";"UM_2";2.804691484;"A";
"2019";;"AI";"Ind_01_03";"UM_3";93.50649351;"A";
"2019";;"AI";"Ind_01_04";"UM_2";21.11235119;"A";
"2019";;"AI";"Ind_01_05";"UM_2";59.31299603;"A";
"2019";;"AI";"Ind_01_06";"UM_2";19.57465278;"A";
"2019";;"AI";"Ind_01_07";"UM_2";0;"A";
"2019";;"AI";"Ind_01_08";"UM_2";11.25992063;"A";
"2019";;"AI";"Ind_01_09";"UM_4";4.895733276;"A";
"2019";;"AI";"Ind_01_10";"UM_4";0.991540917;"A";
"2019";;"AI";"Ind_01_11";"UM_4";10.78300747;"A";
"2019";;"AI";"Ind_01_12";"UM_4";8.304155176;"A";
"2019";;"AI";"Ind_01_13";"UM_5";6.508;"A";
"2019";;"AI";"Ind_01_14";"UM_6";2.430393362;"A";
"2019";;"AI";"Ind_02_01";"UM_2";94.90580256;"A";
"2019";;"AI";"Ind_02_02";"UM_2";;"Q";
"2019";;"AI";"Ind_02_03";"UM_2";1.542331047;"U";
"2019";;"AI";"Ind_02_04";"UM_2";;"Q";
"2019";;"AI";"Ind_02_05";"UM_2";3.263286285;"U";
"2019";;"AI";"Ind_03_01";"UM_2";73.97136398;"A";
"2019";;"AI";"Ind_03_02";"UM_2";9.216277317;"U";
"2019";;"AI";"Ind_03_03";"UM_2";10.92690279;"U";
"2004/2009";;"AI";"Ind_04_01";"UM_7";172.39;"A";
"2004/2009";;"AI";"Ind_04_02";"UM_2";4.716050815;"A";
"1979/1985";"2004/2009";"AI";"Ind_04_03";"UM_2";39.55479452;"A";
"2004/2009";;"AI";"Ind_04_04";"UM_2";53.72121353;"A";
"1979/1985";"2004/2009";"AI";"Ind_04_05";"UM_2";-2.729658793;"A";
"2004/2009";;"AI";"Ind_04_06";"UM_2";31.95080921;"A";
"2004/2009";;"AI";"Ind_04_07";"UM_2";9.611926446;"A";
"2019";;"AI";"Ind_05_01";"UM_2";79.9;"A";
"2020";;"AI";"Ind_05_02";"UM_2";1.1;"A";
"2018";;"AI";"Ind_06_01";"UM_8";64868.07176;"A";"P"
"2017/2018";;"AI";"Ind_06_02";"UM_2";2.68760453;"A";"P"
"2018";;"AI";"Ind_06_03";"UM_5";8.997;"A";
"2018";;"AI";"Ind_06_04";"UM_5";1.039;"A";
"2018";;"AI";"Ind_06_05";"UM_5";2.822;"A";
"2018";;"AI";"Ind_06_06";"UM_5";5.136;"A";
"2018";;"AI";"Ind_06_07";"UM_9";1864;"A";
"2018";;"AI";"Ind_06_08";"UM_9";478;"A";
"2018";;"AI";"Ind_06_09";"UM_9";288;"A";
"2018";;"AI";"Ind_06_10";"UM_9";1098;"A";
"2019";;"AI";"Ind_07_01";"UM_2";6.372956459;"A";
"2019";;"AI";"Ind_07_02";"UM_10";15.96959641;"A";
"2020";;"AI";"Ind_08_01";"UM_2";2.146558105;"A";
"2019";;"AI";"Ind_08_02";"UM_2";56.9;"A";
"2019";;"AI";"Ind_08_03";"UM_11";50.1;"A";
"2018";;"AI";"Ind_08_04";"UM_12";8.320397392;"A";
"2019";;"AI";"Ind_09_01";"UM_5";89.806;"A";
"2019";;"AI";"Ind_09_02";"UM_5";161.15;"A";
"2019";;"AI";"Ind_10_01";"UM_12";608.9811087;"A";
"2019";;"AI";"Ind_10_02";"UM_2";5.734163474;"A";
"2019";;"AI";"Ind_10_03";"UM_2";73.52386935;"A";
"2019";;"AI";"Ind_11_01";"UM_2";0.92908;"A";
"2019";;"AI";"Ind_12_01";"UM_13";93;"A";
"2019";;"AI";"Ind_12_02";"UM_12";2.1;"A";
"2019";;"AI";"Ind_12_03";"UM_12";141.1;"A";
"2019";;"AI";"Ind_12_04";"UM_14";4.4;"A";
"2019";;"AI";"Ind_13_01";"UM_2";20.87093665;"A";
"2019";;"AI";"Ind_13_02";"UM_2";50.57390695;"A";
"2019";;"AI";"Ind_13_03";"UM_2";28.5551564;"A";
"2019";;"AI";"Ind_13_04";"UM_2";23.45;"A";
"2019";;"AI";"Ind_14_01";"UM_2";;"M";
"2019";;"AI";"Ind_14_02";"UM_2";61.27147158;"A";
"2019";;"AI";"Ind_14_03";"UM_2";8.730299274;"A";
"2019";;"AI";"Ind_14_04";"UM_2";29.07738622;"A";
"2019";;"AI";"Ind_14_05";"UM_2";;"M";
"2019";;"AI";"Ind_14_06";"UM_2";;"M";
"2019";;"AI";"Ind_14_07";"UM_2";;"M";
"2019";;"AI";"Ind_14_08";"UM_2";;"M";
"2019";;"AI";"Ind_14_09";"UM_2";;"M";
"2019";;"AI";"Ind_14_10";"UM_2";;"M";
"2019";;"AI";"Ind_15_01";"UM_15";17.09507587;"A";
"2019";;"AI";"Ind_15_02";"UM_15";0.619386807;"A";
"2019";;"AI";"Ind_15_03";"UM_15";;"Q";
"2019";;"SG";"Ind_01_01";"UM_1";510.734;"A";
"2010/2019";;"SG";"Ind_01_02";"UM_2";6.645757945;"A";
"2019";;"SG";"Ind_01_03";"UM_3";261.7672082;"A";
"2019";;"SG";"Ind_01_04";"UM_2";20.47719557;"A";
"2019";;"SG";"Ind_01_05";"UM_2";60.99182745;"A";
"2019";;"SG";"Ind_01_06";"UM_2";18.53097699;"A";
"2019";;"SG";"Ind_01_07";"UM_2";82.43860796;"A";
"2019";;"SG";"Ind_01_08";"UM_2";24.43894473;"A";
"2019";;"SG";"Ind_01_09";"UM_4";4.962535508;"A";
"2019";;"SG";"Ind_01_10";"UM_4";1.916673786;"A";
"2019";;"SG";"Ind_01_11";"UM_4";10.34728911;"A";
"2019";;"SG";"Ind_01_12";"UM_4";7.947519272;"A";
"2019";;"SG";"Ind_01_13";"UM_5";222.993;"A";
"2019";;"SG";"Ind_01_14";"UM_6";2.25419632;"A";
"2019";;"SG";"Ind_02_01";"UM_2";87.66390171;"A";
"2019";;"SG";"Ind_02_02";"UM_2";1.281076283;"A";
"2019";;"SG";"Ind_02_03";"UM_2";3.525373127;"A";
"2019";;"SG";"Ind_02_04";"UM_2";0.364239112;"U";
"2019";;"SG";"Ind_02_05";"UM_2";4.119881051;"A";
"2019";;"SG";"Ind_03_01";"UM_2";41.9779102;"A";
"2019";;"SG";"Ind_03_02";"UM_2";19.32091891;"A";
"2019";;"SG";"Ind_03_03";"UM_2";22.02928511;"A";
"2004/2009";;"SG";"Ind_04_01";"UM_7";2030.73;"A";
"2004/2009";;"SG";"Ind_04_02";"UM_2";9.557154324;"A";
"1979/1985";"2004/2009";"SG";"Ind_04_03";"UM_2";24.19664576;"A";
"2004/2009";;"SG";"Ind_04_04";"UM_2";46.49756492;"A";
"1979/1985";"2004/2009";"SG";"Ind_04_05";"UM_2";-4.325885393;"A";
"2004/2009";;"SG";"Ind_04_06";"UM_2";30.49888464;"A";
"2004/2009";;"SG";"Ind_04_07";"UM_2";13.44639612;"A";
"2019";;"SG";"Ind_05_01";"UM_2";81.2;"A";
"2020";;"SG";"Ind_05_02";"UM_2";2.5;"A";
"2018";;"SG";"Ind_06_01";"UM_8";76218.83284;"A";"P"
"2017/2018";;"SG";"Ind_06_02";"UM_2";2.20638725;"A";"P"
"2018";;"SG";"Ind_06_03";"UM_5";304.063;"A";
"2018";;"SG";"Ind_06_04";"UM_5";11.309;"A";
"2018";;"SG";"Ind_06_05";"UM_5";88.73;"A";
"2018";;"SG";"Ind_06_06";"UM_5";204.024;"A";
"2018";;"SG";"Ind_06_07";"UM_9";38662;"A";
"2018";;"SG";"Ind_06_08";"UM_9";4117;"A";
"2018";;"SG";"Ind_06_09";"UM_9";6690;"A";
"2018";;"SG";"Ind_06_10";"UM_9";27855;"A";
"2019";;"SG";"Ind_07_01";"UM_2";13.83461985;"A";
"2019";;"SG";"Ind_07_02";"UM_10";18.24538135;"A";
"2020";;"SG";"Ind_08_01";"UM_2";2.407319537;"A";
"2019";;"SG";"Ind_08_02";"UM_2";40.6;"A";
"2019";;"SG";"Ind_08_03";"UM_11";47.8;"A";
"2018";;"SG";"Ind_08_04";"UM_12";5.334009662;"A";
"2019";;"SG";"Ind_09_01";"UM_5";477.84;"A";
"2019";;"SG";"Ind_09_02";"UM_5";978.598;"A";
"2019";;"SG";"Ind_10_01";"UM_12";557.1630323;"A";
"2019";;"SG";"Ind_10_02";"UM_2";22.79540176;"A";
"2019";;"SG";"Ind_10_03";"UM_2";59.59076751;"A";
"2019";;"SG";"Ind_11_01";"UM_2";2.09475;"A";
"2019";;"SG";"Ind_12_01";"UM_13";200;"A";
"2019";;"SG";"Ind_12_02";"UM_12";4.5;"A";
"2019";;"SG";"Ind_12_03";"UM_12";149.2;"A";
"2019";;"SG";"Ind_12_04";"UM_14";5;"A";
"2019";;"SG";"Ind_13_01";"UM_2";19.73209602;"A";
"2019";;"SG";"Ind_13_02";"UM_2";50.86370222;"A";
"2019";;"SG";"Ind_13_03";"UM_2";29.40420177;"A";
"2019";;"SG";"Ind_13_04";"UM_2";23.09;"A";
"2019";;"SG";"Ind_14_01";"UM_2";14.99461134;"A";
"2019";;"SG";"Ind_14_02";"UM_2";18.78042898;"A";
"2019";;"SG";"Ind_14_03";"UM_2";12.69011049;"A";
"2019";;"SG";"Ind_14_04";"UM_2";31.31924242;"A";
"2019";;"SG";"Ind_14_05";"UM_2";1.56428209;"A";
"2019";;"SG";"Ind_14_06";"UM_2";7.31853147;"A";
"2019";;"SG";"Ind_14_07";"UM_2";0.636465038;"A";
"2019";;"SG";"Ind_14_08";"UM_2";;"M";
"2019";;"SG";"Ind_14_09";"UM_2";10.53565058;"A";
"2019";;"SG";"Ind_14_10";"UM_2";1.179099528;"A";
"2019";;"SG";"Ind_15_01";"UM_15";36.73056961;"A";
"2019";;"SG";"Ind_15_02";"UM_15";6.941147968;"A";
"2019";;"SG";"Ind_15_03";"UM_15";2.23361572;"A";
"2019";;"GR";"Ind_01_01";"UM_1";199.021;"A";
"2010/2019";;"GR";"Ind_01_02";"UM_2";3.322586842;"A";
"2019";;"GR";"Ind_01_03";"UM_3";28.00986294;"A";
"2019";;"GR";"Ind_01_04";"UM_2";17.77752097;"A";
"2019";;"GR";"Ind_01_05";"UM_2";60.52979334;"A";
"2019";;"GR";"Ind_01_06";"UM_2";21.6926857;"A";
"2019";;"GR";"Ind_01_07";"UM_2";44.91284839;"A";
"2019";;"GR";"Ind_01_08";"UM_2";18.7829425;"A";
"2019";;"GR";"Ind_01_09";"UM_4";4.302969301;"A";
"2019";;"GR";"Ind_01_10";"UM_4";1.72118772;"A";
"2019";;"GR";"Ind_01_11";"UM_4";8.20332159;"A";
"2019";;"GR";"Ind_01_12";"UM_4";8.797181681;"A";
"2019";;"GR";"Ind_01_13";"UM_5";92.439;"A";
"2019";;"GR";"Ind_01_14";"UM_6";2.118478132;"A";
"2019";;"GR";"Ind_02_01";"UM_2";75.23949543;"A";
"2019";;"GR";"Ind_02_02";"UM_2";1.349054662;"A";
"2019";;"GR";"Ind_02_03";"UM_2";13.2341439;"A";
"2019";;"GR";"Ind_02_04";"UM_2";14.71022376;"A";
"2019";;"GR";"Ind_02_05";"UM_2";3.423799582;"A";
"2019";;"GR";"Ind_03_01";"UM_2";40.2252345;"A";
"2019";;"GR";"Ind_03_02";"UM_2";31.5110706;"A";
"2019";;"GR";"Ind_03_03";"UM_2";21.2843659;"A";
"2004/2009";;"GR";"Ind_04_01";"UM_7";7105;"A";
"2004/2009";;"GR";"Ind_04_02";"UM_2";1.951161154;"A";
"1979/1985";"2004/2009";"GR";"Ind_04_03";"UM_2";22.81183558;"A";
"2004/2009";;"GR";"Ind_04_04";"UM_2";28.76185785;"A";
"1979/1985";"2004/2009";"GR";"Ind_04_05";"UM_2";-6.024290306;"A";
"2004/2009";;"GR";"Ind_04_06";"UM_2";27.64095707;"A";
"2004/2009";;"GR";"Ind_04_07";"UM_2";41.64602393;"A";
"2019";;"GR";"Ind_05_01";"UM_2";81.6;"A";
"2020";;"GR";"Ind_05_02";"UM_2";1.9;"A";
"2018";;"GR";"Ind_06_01";"UM_8";73365.99599;"A";"P"
"2017/2018";;"GR";"Ind_06_02";"UM_2";2.18423141;"A";"P"
"2018";;"GR";"Ind_06_03";"UM_5";130.594;"A";
"2018";;"GR";"Ind_06_04";"UM_5";7.071;"A";
"2018";;"GR";"Ind_06_05";"UM_5";26.999;"A";
"2018";;"GR";"Ind_06_06";"UM_5";96.524;"A";
"2018";;"GR";"Ind_06_07";"UM_9";20723;"A";
"2018";;"GR";"Ind_06_08";"UM_9";2435;"A";
"2018";;"GR";"Ind_06_09";"UM_9";3015;"A";
"2018";;"GR";"Ind_06_10";"UM_9";15273;"A";
"2019";;"GR";"Ind_07_01";"UM_2";65.77091827;"A";
"2019";;"GR";"Ind_07_02";"UM_10";24.96773209;"A";
"2020";;"GR";"Ind_08_01";"UM_2";1.395189787;"A";
"2019";;"GR";"Ind_08_02";"UM_2";44.3;"A";
"2019";;"GR";"Ind_08_03";"UM_11";47.3;"A";
"2018";;"GR";"Ind_08_04";"UM_12";7.463817917;"A";
"2019";;"GR";"Ind_09_01";"UM_5";1992.554;"A";
"2019";;"GR";"Ind_09_02";"UM_5";5256.016;"A";
"2019";;"GR";"Ind_10_01";"UM_12";574.5416602;"A";
"2019";;"GR";"Ind_10_02";"UM_2";17.53324281;"A";
"2019";;"GR";"Ind_10_03";"UM_2";54.36136342;"A";
"2019";;"GR";"Ind_11_01";"UM_2";1.27483;"A";
"2019";;"GR";"Ind_12_01";"UM_13";184;"A";
"2019";;"GR";"Ind_12_02";"UM_12";5.2;"A";
"2019";;"GR";"Ind_12_03";"UM_12";148.7;"A";
"2019";;"GR";"Ind_12_04";"UM_14";4.7;"A";
"2019";;"GR";"Ind_13_01";"UM_2";18.13132289;"A";
"2019";;"GR";"Ind_13_02";"UM_2";53.06662049;"A";
"2019";;"GR";"Ind_13_03";"UM_2";28.80205662;"A";
"2019";;"GR";"Ind_13_04";"UM_2";27.28;"A";
"2019";;"GR";"Ind_14_01";"UM_2";13.63009413;"A";
"2019";;"GR";"Ind_14_02";"UM_2";16.34857698;"A";
"2019";;"GR";"Ind_14_03";"UM_2";17.1187677;"A";
"2019";;"GR";"Ind_14_04";"UM_2";29.9389171;"A";
"2019";;"GR";"Ind_14_05";"UM_2";;"M";
"2019";;"GR";"Ind_14_06";"UM_2";8.347304851;"A";
"2019";;"GR";"Ind_14_07";"UM_2";9.099865528;"A";
"2019";;"GR";"Ind_14_08";"UM_2";;"M";
"2019";;"GR";"Ind_14_09";"UM_2";5.516473716;"A";
"2019";;"GR";"Ind_14_10";"UM_2";;"M";
"2019";;"GR";"Ind_15_01";"UM_15";33.16379254;"A";
"2019";;"GR";"Ind_15_02";"UM_15";6.457336714;"A";
"2019";;"GR";"Ind_15_03";"UM_15";0.584739312;"A";
"2019";;"AG";"Ind_01_01";"UM_1";685.845;"A";
"2010/2019";;"AG";"Ind_01_02";"UM_2";12.1640451;"A";
"2019";;"AG";"Ind_01_03";"UM_3";491.6204922;"A";
"2019";;"AG";"Ind_01_04";"UM_2";20.23912108;"A";
"2019";;"AG";"Ind_01_05";"UM_2";61.82504793;"A";
"2019";;"AG";"Ind_01_06";"UM_2";17.93583098;"A";
"2019";;"AG";"Ind_01_07";"UM_2";85.03699816;"A";
"2019";;"AG";"Ind_01_08";"UM_2";25.29653202;"A";
"2019";;"AG";"Ind_01_09";"UM_4";4.665511286;"A";
"2019";;"AG";"Ind_01_10";"UM_4";2.03951169;"A";
"2019";;"AG";"Ind_01_11";"UM_4";10.32805201;"A";
"2019";;"AG";"Ind_01_12";"UM_4";7.326700155;"A";
"2019";;"AG";"Ind_01_13";"UM_5";297.256;"A";
"2019";;"AG";"Ind_01_14";"UM_6";2.277841322;"A";
"2019";;"AG";"Ind_02_01";"UM_2";86.35452768;"A";
"2019";;"AG";"Ind_02_02";"UM_2";1.975757237;"A";
"2019";;"AG";"Ind_02_03";"UM_2";5.074123683;"A";
"2019";;"AG";"Ind_02_04";"UM_2";0.141706962;"U";
"2019";;"AG";"Ind_02_05";"UM_2";5.514948888;"A";
"2019";;"AG";"Ind_03_01";"UM_2";30.18489828;"A";
"2019";;"AG";"Ind_03_02";"UM_2";22.2044058;"A";
"2019";;"AG";"Ind_03_03";"UM_2";31.72787393;"A";
"2004/2009";;"AG";"Ind_04_01";"UM_7";1403.95;"A";
"2004/2009";;"AG";"Ind_04_02";"UM_2";16.98992129;"A";
"1979/1985";"2004/2009";"AG";"Ind_04_03";"UM_2";23.47308489;"A";
"2004/2009";;"AG";"Ind_04_04";"UM_2";44.05926137;"A";
"1979/1985";"2004/2009";"AG";"Ind_04_05";"UM_2";-6.903869599;"A";
"2004/2009";;"AG";"Ind_04_06";"UM_2";36.3973076;"A";
"2004/2009";;"AG";"Ind_04_07";"UM_2";2.55350974;"A";
"2019";;"AG";"Ind_05_01";"UM_2";81.7;"A";
"2020";;"AG";"Ind_05_02";"UM_2";3.4;"A";
"2018";;"AG";"Ind_06_01";"UM_8";64995.81418;"A";"P"
"2017/2018";;"AG";"Ind_06_02";"UM_2";1.64188707;"A";"P"
"2018";;"AG";"Ind_06_03";"UM_5";343.988;"A";
"2018";;"AG";"Ind_06_04";"UM_5";10.119;"A";
"2018";;"AG";"Ind_06_05";"UM_5";94.38;"A";
"2018";;"AG";"Ind_06_06";"UM_5";239.489;"A";
"2018";;"AG";"Ind_06_07";"UM_9";45250;"A";
"2018";;"AG";"Ind_06_08";"UM_9";3420;"A";
"2018";;"AG";"Ind_06_09";"UM_9";7184;"A";
"2018";;"AG";"Ind_06_10";"UM_9";34646;"A";
"2019";;"AG";"Ind_07_01";"UM_2";11.30547531;"A";
"2019";;"AG";"Ind_07_02";"UM_10";19.18947762;"A";
"2020";;"AG";"Ind_08_01";"UM_2";2.654721988;"A";
"2019";;"AG";"Ind_08_02";"UM_2";47.3;"A";
"2019";;"AG";"Ind_08_03";"UM_11";50;"A";
"2018";;"AG";"Ind_08_04";"UM_12";7.62010647;"A";
"2019";;"AG";"Ind_09_01";"UM_5";378.967;"A";
"2019";;"AG";"Ind_09_02";"UM_5";751.363;"A";
"2019";;"AG";"Ind_10_01";"UM_12";588.815804;"A";
"2019";;"AG";"Ind_10_02";"UM_2";24.10251391;"A";
"2019";;"AG";"Ind_10_03";"UM_2";62.54657882;"A";
"2019";;"AG";"Ind_11_01";"UM_2";2.10555;"A";
"2019";;"AG";"Ind_12_01";"UM_13";172;"A";
"2019";;"AG";"Ind_12_02";"UM_12";4.6;"A";
"2019";;"AG";"Ind_12_03";"UM_12";147.1;"A";
"2019";;"AG";"Ind_12_04";"UM_14";5;"A";
"2019";;"AG";"Ind_13_01";"UM_2";17.58843232;"A";
"2019";;"AG";"Ind_13_02";"UM_2";49.90924143;"A";
"2019";;"AG";"Ind_13_03";"UM_2";32.502127;"A";
"2019";;"AG";"Ind_13_04";"UM_2";24.7;"A";
"2019";;"AG";"Ind_14_01";"UM_2";13.5546016;"A";
"2019";;"AG";"Ind_14_02";"UM_2";9.894579191;"A";
"2019";;"AG";"Ind_14_03";"UM_2";16.46631645;"A";
"2019";;"AG";"Ind_14_04";"UM_2";31.52831707;"A";
"2019";;"AG";"Ind_14_05";"UM_2";3.643545177;"A";
"2019";;"AG";"Ind_14_06";"UM_2";8.505534944;"A";
"2019";;"AG";"Ind_14_07";"UM_2";3.068081119;"A";
"2019";;"AG";"Ind_14_08";"UM_2";;"M";
"2019";;"AG";"Ind_14_09";"UM_2";9.781515892;"A";
"2019";;"AG";"Ind_14_10";"UM_2";0.996939655;"A";
"2019";;"AG";"Ind_15_01";"UM_15";36.12613848;"A";
"2019";;"AG";"Ind_15_02";"UM_15";4.892311639;"A";
"2019";;"AG";"Ind_15_03";"UM_15";1.933038143;"A";
"2019";;"TG";"Ind_01_01";"UM_1";279.547;"A";
"2010/2019";;"TG";"Ind_01_02";"UM_2";12.519119;"A";
"2019";;"TG";"Ind_01_03";"UM_3";323.8833984;"A";
"2019";;"TG";"Ind_01_04";"UM_2";20.25169292;"A";
"2019";;"TG";"Ind_01_05";"UM_2";61.80821114;"A";
"2019";;"TG";"Ind_01_06";"UM_2";17.94009594;"A";
"2019";;"TG";"Ind_01_07";"UM_2";67.03774321;"A";
"2019";;"TG";"Ind_01_08";"UM_2";25.15247883;"A";
"2019";;"TG";"Ind_01_09";"UM_4";4.891919161;"A";
"2019";;"TG";"Ind_01_10";"UM_4";1.895618675;"A";
"2019";;"TG";"Ind_01_11";"UM_4";10.37374622;"A";
"2019";;"TG";"Ind_01_12";"UM_4";7.499743714;"A";
"2019";;"TG";"Ind_01_13";"UM_5";121.701;"A";
"2019";;"TG";"Ind_01_14";"UM_6";2.266916459;"A";
"2019";;"TG";"Ind_02_01";"UM_2";89.09951997;"A";
"2019";;"TG";"Ind_02_02";"UM_2";1.267647324;"A";
"2019";;"TG";"Ind_02_03";"UM_2";3.682826489;"A";
"2019";;"TG";"Ind_02_04";"UM_2";0.137205981;"U";
"2019";;"TG";"Ind_02_05";"UM_2";3.870721422;"A";
"2019";;"TG";"Ind_03_01";"UM_2";30.04946184;"A";
"2019";;"TG";"Ind_03_02";"UM_2";29.84397857;"A";
"2019";;"TG";"Ind_03_03";"UM_2";25.38855214;"A";
"2004/2009";;"TG";"Ind_04_01";"UM_7";991.51;"A";
"2004/2009";;"TG";"Ind_04_02";"UM_2";12.27420803;"A";
"1979/1985";"2004/2009";"TG";"Ind_04_03";"UM_2";26.53570315;"A";
"2004/2009";;"TG";"Ind_04_04";"UM_2";51.93896179;"A";
"1979/1985";"2004/2009";"TG";"Ind_04_05";"UM_2";-4.834328165;"A";
"2004/2009";;"TG";"Ind_04_06";"UM_2";21.38959768;"A";
"2004/2009";;"TG";"Ind_04_07";"UM_2";14.3972325;"A";
"2019";;"TG";"Ind_05_01";"UM_2";81.6;"A";
"2020";;"TG";"Ind_05_02";"UM_2";2.5;"A";
"2018";;"TG";"Ind_06_01";"UM_8";62739.07927;"A";"P"
"2017/2018";;"TG";"Ind_06_02";"UM_2";2.37711829;"A";"P"
"2018";;"TG";"Ind_06_03";"UM_5";137.652;"A";
"2018";;"TG";"Ind_06_04";"UM_5";8.672;"A";
"2018";;"TG";"Ind_06_05";"UM_5";41.508;"A";
"2018";;"TG";"Ind_06_06";"UM_5";87.472;"A";
"2018";;"TG";"Ind_06_07";"UM_9";20762;"A";
"2018";;"TG";"Ind_06_08";"UM_9";2667;"A";
"2018";;"TG";"Ind_06_09";"UM_9";3584;"A";
"2018";;"TG";"Ind_06_10";"UM_9";14511;"A";
"2019";;"TG";"Ind_07_01";"UM_2";15.80608513;"A";
"2019";;"TG";"Ind_07_02";"UM_10";19.52675156;"A";
"2020";;"TG";"Ind_08_01";"UM_2";2.482904889;"A";
"2019";;"TG";"Ind_08_02";"UM_2";45.4;"A";
"2019";;"TG";"Ind_08_03";"UM_11";51.7;"A";
"2018";;"TG";"Ind_08_04";"UM_12";7.70267457;"A";
"2019";;"TG";"Ind_09_01";"UM_5";199.509;"A";
"2019";;"TG";"Ind_09_02";"UM_5";402.889;"A";
"2019";;"TG";"Ind_10_01";"UM_12";632.2810267;"A";
"2019";;"TG";"Ind_10_02";"UM_2";16.26002048;"A";
"2019";;"TG";"Ind_10_03";"UM_2";66.34118323;"A";
"2019";;"TG";"Ind_11_01";"UM_2";1.50142;"A";
"2019";;"TG";"Ind_12_01";"UM_13";164;"A";
"2019";;"TG";"Ind_12_02";"UM_12";5.6;"A";
"2019";;"TG";"Ind_12_03";"UM_12";151.5;"A";
"2019";;"TG";"Ind_12_04";"UM_14";5.1;"A";
"2019";;"TG";"Ind_13_01";"UM_2";17.74481527;"A";
"2019";;"TG";"Ind_13_02";"UM_2";53.18196088;"A";
"2019";;"TG";"Ind_13_03";"UM_2";29.07322385;"A";
"2019";;"TG";"Ind_13_04";"UM_2";24.01;"A";
"2019";;"TG";"Ind_14_01";"UM_2";11.45325196;"A";
"2019";;"TG";"Ind_14_02";"UM_2";12.69168586;"A";
"2019";;"TG";"Ind_14_03";"UM_2";12.64204644;"A";
"2019";;"TG";"Ind_14_04";"UM_2";36.67471568;"A";
"2019";;"TG";"Ind_14_05";"UM_2";2.667306876;"A";
"2019";;"TG";"Ind_14_06";"UM_2";8.147823404;"A";
"2019";;"TG";"Ind_14_07";"UM_2";2.274830727;"A";
"2019";;"TG";"Ind_14_08";"UM_2";;"M";
"2019";;"TG";"Ind_14_09";"UM_2";10.59917562;"A";
"2019";;"TG";"Ind_14_10";"UM_2";2.849163437;"A";
"2019";;"TG";"Ind_15_01";"UM_15";34.06854944;"A";
"2019";;"TG";"Ind_15_02";"UM_15";4.127000203;"A";
"2019";;"TG";"Ind_15_03";"UM_15";2.039989583;"A";
"2019";;"TI";"Ind_01_01";"UM_1";351.491;"A";
"2010/2019";;"TI";"Ind_01_02";"UM_2";5.314708782;"A";
"2019";;"TI";"Ind_01_03";"UM_3";128.2331824;"A";
"2019";;"TI";"Ind_01_04";"UM_2";17.95920806;"A";
"2019";;"TI";"Ind_01_05";"UM_2";59.07633481;"A";
"2019";;"TI";"Ind_01_06";"UM_2";22.96445713;"A";
"2019";;"TI";"Ind_01_07";"UM_2";92.79640161;"A";
"2019";;"TI";"Ind_01_08";"UM_2";27.55632434;"A";
"2019";;"TI";"Ind_01_09";"UM_4";3.419244815;"A";
"2019";;"TI";"Ind_01_10";"UM_4";2.051546889;"A";
"2019";;"TI";"Ind_01_11";"UM_4";7.076843626;"A";
"2019";;"TI";"Ind_01_12";"UM_4";9.187979014;"A";
"2019";;"TI";"Ind_01_13";"UM_5";163.671;"A";
"2019";;"TI";"Ind_01_14";"UM_6";2.113434879;"A";
"2019";;"TI";"Ind_02_01";"UM_2";10.21659229;"A";
"2019";;"TI";"Ind_02_02";"UM_2";4.696390573;"A";
"2019";;"TI";"Ind_02_03";"UM_2";88.59738648;"A";
"2019";;"TI";"Ind_02_04";"UM_2";0.142399152;"U";
"2019";;"TI";"Ind_02_05";"UM_2";3.872912956;"A";
"2019";;"TI";"Ind_03_01";"UM_2";62.79808956;"A";
"2019";;"TI";"Ind_03_02";"UM_2";3.931613669;"A";
"2019";;"TI";"Ind_03_03";"UM_2";24.2383916;"A";
"2004/2009";;"TI";"Ind_04_01";"UM_7";2812.25;"A";
"2004/2009";;"TI";"Ind_04_02";"UM_2";5.64707974;"A";
"1979/1985";"2004/2009";"TI";"Ind_04_03";"UM_2";21.62824539;"A";
"2004/2009";;"TI";"Ind_04_04";"UM_2";12.94372833;"A";
"1979/1985";"2004/2009";"TI";"Ind_04_05";"UM_2";-16.13453121;"A";
"2004/2009";;"TI";"Ind_04_06";"UM_2";50.69357276;"A";
"2004/2009";;"TI";"Ind_04_07";"UM_2";30.71561917;"A";
"2019";;"TI";"Ind_05_01";"UM_2";72.2;"A";
"2020";;"TI";"Ind_05_02";"UM_2";3.6;"A";
"2018";;"TI";"Ind_06_01";"UM_8";87612.35896;"A";"P"
"2017/2018";;"TI";"Ind_06_02";"UM_2";3.84691789;"A";"P"
"2018";;"TI";"Ind_06_03";"UM_5";235.703;"A";
"2018";;"TI";"Ind_06_04";"UM_5";3.351;"A";
"2018";;"TI";"Ind_06_05";"UM_5";51.616;"A";
"2018";;"TI";"Ind_06_06";"UM_5";180.736;"A";
"2018";;"TI";"Ind_06_07";"UM_9";38952;"A";
"2018";;"TI";"Ind_06_08";"UM_9";1185;"A";
"2018";;"TI";"Ind_06_09";"UM_9";5434;"A";
"2018";;"TI";"Ind_06_10";"UM_9";32333;"A";
"2019";;"TI";"Ind_07_01";"UM_2";22.2290563;"A";
"2019";;"TI";"Ind_07_02";"UM_10";12.89841748;"A";
"2020";;"TI";"Ind_08_01";"UM_2";2.712031961;"A";
"2019";;"TI";"Ind_08_02";"UM_2";38.1;"A";
"2019";;"TI";"Ind_08_03";"UM_11";48.3;"A";
"2018";;"TI";"Ind_08_04";"UM_12";5.705254885;"A";
"2019";;"TI";"Ind_09_01";"UM_5";1110.128;"A";
"2019";;"TI";"Ind_09_02";"UM_5";2309.518;"A";
"2019";;"TI";"Ind_10_01";"UM_12";632.1704406;"A";
"2019";;"TI";"Ind_10_02";"UM_2";17.74773031;"A";
"2019";;"TI";"Ind_10_03";"UM_2";67.22816347;"A";
"2019";;"TI";"Ind_11_01";"UM_2";2.68266;"A";
"2019";;"TI";"Ind_12_01";"UM_13";236;"A";
"2019";;"TI";"Ind_12_02";"UM_12";5.2;"A";
"2019";;"TI";"Ind_12_03";"UM_12";162.6;"A";
"2019";;"TI";"Ind_12_04";"UM_14";6.3;"A";
"2019";;"TI";"Ind_13_01";"UM_2";22.84675584;"A";
"2019";;"TI";"Ind_13_02";"UM_2";45.18009294;"A";
"2019";;"TI";"Ind_13_03";"UM_2";31.97315122;"A";
"2019";;"TI";"Ind_13_04";"UM_2";32.27;"A";
"2019";;"TI";"Ind_14_01";"UM_2";20.52824998;"A";
"2019";;"TI";"Ind_14_02";"UM_2";18.19659056;"A";
"2019";;"TI";"Ind_14_03";"UM_2";14.06804066;"A";
"2019";;"TI";"Ind_14_04";"UM_2";11.65841649;"A";
"2019";;"TI";"Ind_14_05";"UM_2";;"M";
"2019";;"TI";"Ind_14_06";"UM_2";0.989424016;"A";
"2019";;"TI";"Ind_14_07";"UM_2";;"M";
"2019";;"TI";"Ind_14_08";"UM_2";0.829912675;"A";
"2019";;"TI";"Ind_14_09";"UM_2";12.1123552;"A";
"2019";;"TI";"Ind_14_10";"UM_2";17.98227705;"A";
"2019";;"TI";"Ind_15_01";"UM_15";40.0432441;"A";
"2019";;"TI";"Ind_15_02";"UM_15";10.32707596;"A";
"2019";;"TI";"Ind_15_03";"UM_15";2.391444008;"A";
"2019";;"VD";"Ind_01_01";"UM_1";805.098;"A";
"2010/2019";;"VD";"Ind_01_02";"UM_2";12.87248644;"A";
"2019";;"VD";"Ind_01_03";"UM_3";285.3854361;"A";
"2019";;"VD";"Ind_01_04";"UM_2";21.90093628;"A";
"2019";;"VD";"Ind_01_05";"UM_2";61.5327575;"A";
"2019";;"VD";"Ind_01_06";"UM_2";16.56630621;"A";
"2019";;"VD";"Ind_01_07";"UM_2";89.63430539;"A";
"2019";;"VD";"Ind_01_08";"UM_2";33.00020619;"A";
"2019";;"VD";"Ind_01_09";"UM_4";3.923345777;"A";
"2019";;"VD";"Ind_01_10";"UM_4";2.129353221;"A";
"2019";;"VD";"Ind_01_11";"UM_4";10.7302946;"A";
"2019";;"VD";"Ind_01_12";"UM_4";6.799468659;"A";
"2019";;"VD";"Ind_01_13";"UM_5";354.496;"A";
"2019";;"VD";"Ind_01_14";"UM_6";2.22606461;"A";
"2019";;"VD";"Ind_02_01";"UM_2";5.491711228;"A";
"2019";;"VD";"Ind_02_02";"UM_2";82.57014338;"A";
"2019";;"VD";"Ind_02_03";"UM_2";4.980415549;"A";
"2019";;"VD";"Ind_02_04";"UM_2";0.047224838;"U";
"2019";;"VD";"Ind_02_05";"UM_2";8.912674959;"A";
"2019";;"VD";"Ind_03_01";"UM_2";27.74631213;"A";
"2019";;"VD";"Ind_03_02";"UM_2";21.40563703;"A";
"2019";;"VD";"Ind_03_03";"UM_2";36.37412235;"A";
"2004/2009";;"VD";"Ind_04_01";"UM_7";3212.21;"A";
"2004/2009";;"VD";"Ind_04_02";"UM_2";9.320997071;"A";
"1979/1985";"2004/2009";"VD";"Ind_04_03";"UM_2";24.77809726;"A";
"2004/2009";;"VD";"Ind_04_04";"UM_2";42.40787495;"A";
"1979/1985";"2004/2009";"VD";"Ind_04_05";"UM_2";-5.10174935;"A";
"2004/2009";;"VD";"Ind_04_06";"UM_2";32.13706451;"A";
"2004/2009";;"VD";"Ind_04_07";"UM_2";16.13406346;"A";
"2019";;"VD";"Ind_05_01";"UM_2";76.5;"A";
"2020";;"VD";"Ind_05_02";"UM_2";4.5;"A";
"2018";;"VD";"Ind_06_01";"UM_8";74060.08303;"A";"P"
"2017/2018";;"VD";"Ind_06_02";"UM_2";4.94584748;"A";"P"
"2018";;"VD";"Ind_06_03";"UM_5";453.467;"A";
"2018";;"VD";"Ind_06_04";"UM_5";13.423;"A";
"2018";;"VD";"Ind_06_05";"UM_5";74.113;"A";
"2018";;"VD";"Ind_06_06";"UM_5";365.931;"A";
"2018";;"VD";"Ind_06_07";"UM_9";61228;"A";
"2018";;"VD";"Ind_06_08";"UM_9";3913;"A";
"2018";;"VD";"Ind_06_09";"UM_9";8186;"A";
"2018";;"VD";"Ind_06_10";"UM_9";49129;"A";
"2019";;"VD";"Ind_07_01";"UM_2";10.57341375;"A";
"2019";;"VD";"Ind_07_02";"UM_10";30.00756154;"A";
"2020";;"VD";"Ind_08_01";"UM_2";1.369135708;"A";
"2019";;"VD";"Ind_08_02";"UM_2";29.8;"A";
"2019";;"VD";"Ind_08_03";"UM_11";43;"A";
"2018";;"VD";"Ind_08_04";"UM_12";6.503355696;"A";
"2019";;"VD";"Ind_09_01";"UM_5";1492.314;"A";
"2019";;"VD";"Ind_09_02";"UM_5";2959.356;"A";
"2019";;"VD";"Ind_10_01";"UM_12";521.7338531;"A";
"2019";;"VD";"Ind_10_02";"UM_2";32.90301959;"A";
"2019";;"VD";"Ind_10_03";"UM_2";54.47426272;"A";
"2019";;"VD";"Ind_11_01";"UM_2";4.4938;"A";
"2019";;"VD";"Ind_12_01";"UM_13";247;"A";
"2019";;"VD";"Ind_12_02";"UM_12";4.6;"A";
"2019";;"VD";"Ind_12_03";"UM_12";126.7;"A";
"2019";;"VD";"Ind_12_04";"UM_14";5.7;"A";
"2019";;"VD";"Ind_13_01";"UM_2";22.90002963;"A";
"2019";;"VD";"Ind_13_02";"UM_2";37.3906541;"A";
"2019";;"VD";"Ind_13_03";"UM_2";39.70931627;"A";
"2019";;"VD";"Ind_13_04";"UM_2";28.34;"A";
"2019";;"VD";"Ind_14_01";"UM_2";23.33975196;"A";
"2019";;"VD";"Ind_14_02";"UM_2";2.425096478;"A";
"2019";;"VD";"Ind_14_03";"UM_2";20.38770536;"A";
"2019";;"VD";"Ind_14_04";"UM_2";17.37868402;"A";
"2019";;"VD";"Ind_14_05";"UM_2";1.300073599;"A";
"2019";;"VD";"Ind_14_06";"UM_2";8.372753395;"A";
"2019";;"VD";"Ind_14_07";"UM_2";0.376039244;"A";
"2019";;"VD";"Ind_14_08";"UM_2";4.068433365;"A";
"2019";;"VD";"Ind_14_09";"UM_2";19.67759896;"A";
"2019";;"VD";"Ind_14_10";"UM_2";0.403892911;"A";
"2019";;"VD";"Ind_15_01";"UM_15";57.31750809;"A";
"2019";;"VD";"Ind_15_02";"UM_15";9.342484781;"A";
"2019";;"VD";"Ind_15_03";"UM_15";4.079359816;"A";
"2019";;"VS";"Ind_01_01";"UM_1";345.525;"A";
"2010/2019";;"VS";"Ind_01_02";"UM_2";10.50293587;"A";
"2019";;"VS";"Ind_01_03";"UM_3";66.27009776;"A";
"2019";;"VS";"Ind_01_04";"UM_2";19.61739382;"A";
"2019";;"VS";"Ind_01_05";"UM_2";60.46074814;"A";
"2019";;"VS";"Ind_01_06";"UM_2";19.92185804;"A";
"2019";;"VS";"Ind_01_07";"UM_2";78.89877722;"A";
"2019";;"VS";"Ind_01_08";"UM_2";22.58071051;"A";
"2019";;"VS";"Ind_01_09";"UM_4";4.246678656;"A";
"2019";;"VS";"Ind_01_10";"UM_4";2.062423856;"A";
"2019";;"VS";"Ind_01_11";"UM_4";9.102512038;"A";
"2019";;"VS";"Ind_01_12";"UM_4";8.406335209;"A";
"2019";;"VS";"Ind_01_13";"UM_5";152.632;"A";
"2019";;"VS";"Ind_01_14";"UM_6";2.22027491;"A";
"2019";;"VS";"Ind_02_01";"UM_2";24.58508343;"A";
"2019";;"VS";"Ind_02_02";"UM_2";67.83924818;"A";
"2019";;"VS";"Ind_02_03";"UM_2";4.571094175;"A";
"2019";;"VS";"Ind_02_04";"UM_2";;"Q";
"2019";;"VS";"Ind_02_05";"UM_2";3.849123767;"A";
"2019";;"VS";"Ind_03_01";"UM_2";68.89917692;"A";
"2019";;"VS";"Ind_03_02";"UM_2";5.590509465;"A";
"2019";;"VS";"Ind_03_03";"UM_2";17.84253773;"A";
"2004/2009";;"VS";"Ind_04_01";"UM_7";5224.77;"A";
"2004/2009";;"VS";"Ind_04_02";"UM_2";3.533744069;"A";
"1979/1985";"2004/2009";"VS";"Ind_04_03";"UM_2";34.62884643;"A";
"2004/2009";;"VS";"Ind_04_04";"UM_2";18.98724729;"A";
"1979/1985";"2004/2009";"VS";"Ind_04_05";"UM_2";-10.54994996;"A";
"2004/2009";;"VS";"Ind_04_06";"UM_2";23.97636642;"A";
"2004/2009";;"VS";"Ind_04_07";"UM_2";53.50264222;"A";
"2019";;"VS";"Ind_05_01";"UM_2";77.7;"A";
"2020";;"VS";"Ind_05_02";"UM_2";3.7;"A";
"2018";;"VS";"Ind_06_01";"UM_8";56627.28938;"A";"P"
"2017/2018";;"VS";"Ind_06_02";"UM_2";4.16160702;"A";"P"
"2018";;"VS";"Ind_06_03";"UM_5";180.185;"A";
"2018";;"VS";"Ind_06_04";"UM_5";10.218;"A";
"2018";;"VS";"Ind_06_05";"UM_5";38.189;"A";
"2018";;"VS";"Ind_06_06";"UM_5";131.778;"A";
"2018";;"VS";"Ind_06_07";"UM_9";29392;"A";
"2018";;"VS";"Ind_06_08";"UM_9";2916;"A";
"2018";;"VS";"Ind_06_09";"UM_9";4453;"A";
"2018";;"VS";"Ind_06_10";"UM_9";22023;"A";
"2019";;"VS";"Ind_07_01";"UM_2";21.23878413;"A";
"2019";;"VS";"Ind_07_02";"UM_10";13.54858616;"A";
"2020";;"VS";"Ind_08_01";"UM_2";2.404387979;"A";
"2019";;"VS";"Ind_08_02";"UM_2";54.5;"A";
"2019";;"VS";"Ind_08_03";"UM_11";46.1;"A";
"2018";;"VS";"Ind_08_04";"UM_12";9.043439553;"A";
"2019";;"VS";"Ind_09_01";"UM_5";1845.418;"A";
"2019";;"VS";"Ind_09_02";"UM_5";4259.95;"A";
"2019";;"VS";"Ind_10_01";"UM_12";643.9679609;"A";
"2019";;"VS";"Ind_10_02";"UM_2";13.42451016;"A";
"2019";;"VS";"Ind_10_03";"UM_2";67.87269632;"A";
"2019";;"VS";"Ind_11_01";"UM_2";1.82669;"A";
"2019";;"VS";"Ind_12_01";"UM_13";184;"A";
"2019";;"VS";"Ind_12_02";"UM_12";3.9;"A";
"2019";;"VS";"Ind_12_03";"UM_12";139.4;"A";
"2019";;"VS";"Ind_12_04";"UM_14";5.9;"A";
"2019";;"VS";"Ind_13_01";"UM_2";26.33866254;"A";
"2019";;"VS";"Ind_13_02";"UM_2";46.04579984;"A";
"2019";;"VS";"Ind_13_03";"UM_2";27.61514218;"A";
"2019";;"VS";"Ind_13_04";"UM_2";28.92;"A";
"2019";;"VS";"Ind_14_01";"UM_2";16.48100197;"A";
"2019";;"VS";"Ind_14_02";"UM_2";34.78442603;"A";
"2019";;"VS";"Ind_14_03";"UM_2";15.06670639;"A";
"2019";;"VS";"Ind_14_04";"UM_2";19.77591625;"A";
"2019";;"VS";"Ind_14_05";"UM_2";1.030498026;"A";
"2019";;"VS";"Ind_14_06";"UM_2";0.796211111;"A";
"2019";;"VS";"Ind_14_07";"UM_2";;"M";
"2019";;"VS";"Ind_14_08";"UM_2";;"M";
"2019";;"VS";"Ind_14_09";"UM_2";10.58835382;"A";
"2019";;"VS";"Ind_14_10";"UM_2";;"M";
"2019";;"VS";"Ind_15_01";"UM_15";34.22250004;"A";
"2019";;"VS";"Ind_15_02";"UM_15";10.55661351;"A";
"2019";;"VS";"Ind_15_03";"UM_15";2.168888372;"A";
"2019";;"NE";"Ind_01_01";"UM_1";176.496;"A";
"2010/2019";;"NE";"Ind_01_02";"UM_2";2.563268152;"A";
"2019";;"NE";"Ind_01_03";"UM_3";246.2551624;"A";
"2019";;"NE";"Ind_01_04";"UM_2";20.95741547;"A";
"2019";;"NE";"Ind_01_05";"UM_2";59.79002357;"A";
"2019";;"NE";"Ind_01_06";"UM_2";19.25256096;"A";
"2019";;"NE";"Ind_01_07";"UM_2";87.84278397;"A";
"2019";;"NE";"Ind_01_08";"UM_2";25.26006255;"A";
"2019";;"NE";"Ind_01_09";"UM_4";3.594210774;"A";
"2019";;"NE";"Ind_01_10";"UM_4";2.218788383;"A";
"2019";;"NE";"Ind_01_11";"UM_4";9.452491326;"A";
"2019";;"NE";"Ind_01_12";"UM_4";8.971376498;"A";
"2019";;"NE";"Ind_01_13";"UM_5";81.535;"A";
"2019";;"NE";"Ind_01_14";"UM_6";2.128435641;"A";
"2019";;"NE";"Ind_02_01";"UM_2";4.717290358;"A";
"2019";;"NE";"Ind_02_02";"UM_2";87.71851953;"A";
"2019";;"NE";"Ind_02_03";"UM_2";5.680142038;"A";
"2019";;"NE";"Ind_02_04";"UM_2";;"Q";
"2019";;"NE";"Ind_02_05";"UM_2";4.624419557;"A";
"2019";;"NE";"Ind_03_01";"UM_2";19.6981699;"A";
"2019";;"NE";"Ind_03_02";"UM_2";19.19352636;"A";
"2019";;"NE";"Ind_03_03";"UM_2";48.77219339;"A";
"2004/2009";;"NE";"Ind_04_01";"UM_7";802.26;"A";
"2004/2009";;"NE";"Ind_04_02";"UM_2";8.352653753;"A";
"1979/1985";"2004/2009";"NE";"Ind_04_03";"UM_2";18.4131472;"A";
"2004/2009";;"NE";"Ind_04_04";"UM_2";41.69471244;"A";
"1979/1985";"2004/2009";"NE";"Ind_04_05";"UM_2";-2.458227627;"A";
"2004/2009";;"NE";"Ind_04_06";"UM_2";38.4787974;"A";
"2004/2009";;"NE";"Ind_04_07";"UM_2";11.47383641;"A";
"2019";;"NE";"Ind_05_01";"UM_2";76.2;"A";
"2020";;"NE";"Ind_05_02";"UM_2";4.6;"A";
"2018";;"NE";"Ind_06_01";"UM_8";93276.99261;"A";"P"
"2017/2018";;"NE";"Ind_06_02";"UM_2";5.05268748;"A";"P"
"2018";;"NE";"Ind_06_03";"UM_5";107.5;"A";
"2018";;"NE";"Ind_06_04";"UM_5";2.434;"A";
"2018";;"NE";"Ind_06_05";"UM_5";35.341;"A";
"2018";;"NE";"Ind_06_06";"UM_5";69.725;"A";
"2018";;"NE";"Ind_06_07";"UM_9";13643;"A";
"2018";;"NE";"Ind_06_08";"UM_9";868;"A";
"2018";;"NE";"Ind_06_09";"UM_9";2402;"A";
"2018";;"NE";"Ind_06_10";"UM_9";10373;"A";
"2019";;"NE";"Ind_07_01";"UM_2";9.679762106;"A";
"2019";;"NE";"Ind_07_02";"UM_10";40.47130219;"A";
"2020";;"NE";"Ind_08_01";"UM_2";2.352672453;"A";
"2019";;"NE";"Ind_08_02";"UM_2";30.3;"A";
"2019";;"NE";"Ind_08_03";"UM_11";45.1;"A";
"2018";;"NE";"Ind_08_04";"UM_12";2.938796611;"A";
"2019";;"NE";"Ind_09_01";"UM_5";133.079;"A";
"2019";;"NE";"Ind_09_02";"UM_5";230.001;"A";
"2019";;"NE";"Ind_10_01";"UM_12";547.0172463;"A";
"2019";;"NE";"Ind_10_02";"UM_2";27.86814431;"A";
"2019";;"NE";"Ind_10_03";"UM_2";59.13099175;"A";
"2019";;"NE";"Ind_11_01";"UM_2";7.03534;"A";
"2019";;"NE";"Ind_12_01";"UM_13";245;"A";
"2019";;"NE";"Ind_12_02";"UM_12";3.3;"A";
"2019";;"NE";"Ind_12_03";"UM_12";137.5;"A";
"2019";;"NE";"Ind_12_04";"UM_14";5;"A";
"2019";;"NE";"Ind_13_01";"UM_2";25.86092138;"A";
"2019";;"NE";"Ind_13_02";"UM_2";42.1736581;"A";
"2019";;"NE";"Ind_13_03";"UM_2";31.96542052;"A";
"2019";;"NE";"Ind_13_04";"UM_2";31.45;"A";
"2019";;"NE";"Ind_14_01";"UM_2";22.34883388;"A";
"2019";;"NE";"Ind_14_02";"UM_2";4.172843039;"A";
"2019";;"NE";"Ind_14_03";"UM_2";16.63413936;"A";
"2019";;"NE";"Ind_14_04";"UM_2";12.65874946;"A";
"2019";;"NE";"Ind_14_05";"UM_2";;"M";
"2019";;"NE";"Ind_14_06";"UM_2";9.067391615;"A";
"2019";;"NE";"Ind_14_07";"UM_2";;"M";
"2019";;"NE";"Ind_14_08";"UM_2";14.123909;"A";
"2019";;"NE";"Ind_14_09";"UM_2";20.80812706;"A";
"2019";;"NE";"Ind_14_10";"UM_2";;"M";
"2019";;"NE";"Ind_15_01";"UM_15";64.26350014;"A";
"2019";;"NE";"Ind_15_02";"UM_15";9.420412779;"A";
"2019";;"NE";"Ind_15_03";"UM_15";3.121289228;"A";
"2019";;"GE";"Ind_01_01";"UM_1";504.128;"A";
"2010/2019";;"GE";"Ind_01_02";"UM_2";10.14015272;"A";
"2019";;"GE";"Ind_01_03";"UM_3";2050.801399;"A";
"2019";;"GE";"Ind_01_04";"UM_2";21.04167989;"A";
"2019";;"GE";"Ind_01_05";"UM_2";62.54284626;"A";
"2019";;"GE";"Ind_01_06";"UM_2";16.41547385;"A";
"2019";;"GE";"Ind_01_07";"UM_2";100;"A";
"2019";;"GE";"Ind_01_08";"UM_2";39.95731243;"A";
"2019";;"GE";"Ind_01_09";"UM_4";4.284541375;"A";
"2019";;"GE";"Ind_01_10";"UM_4";2.255860854;"A";
"2019";;"GE";"Ind_01_11";"UM_4";10.66153319;"A";
"2019";;"GE";"Ind_01_12";"UM_4";6.713776694;"A";
"2019";;"GE";"Ind_01_13";"UM_5";202.628;"A";
"2019";;"GE";"Ind_01_14";"UM_6";2.368774306;"A";
"2019";;"GE";"Ind_02_01";"UM_2";4.010464988;"A";
"2019";;"GE";"Ind_02_02";"UM_2";79.64415958;"A";
"2019";;"GE";"Ind_02_03";"UM_2";6.403380047;"A";
"2019";;"GE";"Ind_02_04";"UM_2";0.084774887;"U";
"2019";;"GE";"Ind_02_05";"UM_2";12.16117932;"A";
"2019";;"GE";"Ind_03_01";"UM_2";30.99301734;"A";
"2019";;"GE";"Ind_03_02";"UM_2";8.164078261;"A";
"2019";;"GE";"Ind_03_03";"UM_2";44.27651006;"A";
"2004/2009";;"GE";"Ind_04_01";"UM_7";282.32;"A";
"2004/2009";;"GE";"Ind_04_02";"UM_2";33.35576651;"A";
"1979/1985";"2004/2009";"GE";"Ind_04_03";"UM_2";14.78907584;"A";
"2004/2009";;"GE";"Ind_04_04";"UM_2";39.53315387;"A";
"1979/1985";"2004/2009";"GE";"Ind_04_05";"UM_2";-9.546191248;"A";
"2004/2009";;"GE";"Ind_04_06";"UM_2";12.3937376;"A";
"2004/2009";;"GE";"Ind_04_07";"UM_2";14.71734202;"A";
"2019";;"GE";"Ind_05_01";"UM_2";73.9;"A";
"2020";;"GE";"Ind_05_02";"UM_2";4.9;"A";
"2018";;"GE";"Ind_06_01";"UM_8";109846.9222;"A";"P"
"2017/2018";;"GE";"Ind_06_02";"UM_2";3.32854365;"A";"P"
"2018";;"GE";"Ind_06_03";"UM_5";360.367;"A";
"2018";;"GE";"Ind_06_04";"UM_5";1.971;"A";
"2018";;"GE";"Ind_06_05";"UM_5";47.114;"A";
"2018";;"GE";"Ind_06_06";"UM_5";311.282;"A";
"2018";;"GE";"Ind_06_07";"UM_9";41679;"A";
"2018";;"GE";"Ind_06_08";"UM_9";421;"A";
"2018";;"GE";"Ind_06_09";"UM_9";4548;"A";
"2018";;"GE";"Ind_06_10";"UM_9";36710;"A";
"2019";;"GE";"Ind_07_01";"UM_2";14.08237851;"A";
"2019";;"GE";"Ind_07_02";"UM_10";29.10118863;"A";
"2020";;"GE";"Ind_08_01";"UM_2";0.493217729;"A";
"2019";;"GE";"Ind_08_02";"UM_2";18.1;"A";
"2019";;"GE";"Ind_08_03";"UM_11";36.5;"A";
"2018";;"GE";"Ind_08_04";"UM_12";5.401323375;"A";
"2019";;"GE";"Ind_09_01";"UM_5";1576.237;"A";
"2019";;"GE";"Ind_09_02";"UM_5";3202.974;"A";
"2019";;"GE";"Ind_10_01";"UM_12";438.8944502;"A";
"2019";;"GE";"Ind_10_02";"UM_2";45.47830167;"A";
"2019";;"GE";"Ind_10_03";"UM_2";32.52403832;"A";
"2019";;"GE";"Ind_11_01";"UM_2";5.97962;"A";
"2019";;"GE";"Ind_12_01";"UM_13";406;"A";
"2019";;"GE";"Ind_12_02";"UM_12";4.9;"A";
"2019";;"GE";"Ind_12_03";"UM_12";125.9;"A";
"2019";;"GE";"Ind_12_04";"UM_14";6.3;"A";
"2019";;"GE";"Ind_13_01";"UM_2";23.49806432;"A";
"2019";;"GE";"Ind_13_02";"UM_2";30.8367376;"A";
"2019";;"GE";"Ind_13_03";"UM_2";45.66519808;"A";
"2019";;"GE";"Ind_13_04";"UM_2";30.3;"A";
"2019";;"GE";"Ind_14_01";"UM_2";17.92796039;"A";
"2019";;"GE";"Ind_14_02";"UM_2";7.663163239;"A";
"2019";;"GE";"Ind_14_03";"UM_2";14.73024115;"A";
"2019";;"GE";"Ind_14_04";"UM_2";13.65093318;"A";
"2019";;"GE";"Ind_14_05";"UM_2";0.702389197;"A";
"2019";;"GE";"Ind_14_06";"UM_2";5.444836554;"A";
"2019";;"GE";"Ind_14_07";"UM_2";0.372319085;"A";
"2019";;"GE";"Ind_14_08";"UM_2";7.42261666;"A";
"2019";;"GE";"Ind_14_09";"UM_2";24.61156072;"A";
"2019";;"GE";"Ind_14_10";"UM_2";5.486574451;"A";
"2019";;"GE";"Ind_15_01";"UM_15";95.09690078;"A";
"2019";;"GE";"Ind_15_02";"UM_15";15.50412429;"A";
"2019";;"GE";"Ind_15_03";"UM_15";19.6224073;"A";
"2019";;"JU";"Ind_01_01";"UM_1";73.584;"A";
"2010/2019";;"JU";"Ind_01_02";"UM_2";5.071967101;"A";
"2019";;"JU";"Ind_01_03";"UM_3";87.75566183;"A";
"2019";;"JU";"Ind_01_04";"UM_2";20.81566645;"A";
"2019";;"JU";"Ind_01_05";"UM_2";57.89981518;"A";
"2019";;"JU";"Ind_01_06";"UM_2";21.28451837;"A";
"2019";;"JU";"Ind_01_07";"UM_2";53.73314851;"A";
"2019";;"JU";"Ind_01_08";"UM_2";14.72466841;"A";
"2019";;"JU";"Ind_01_09";"UM_4";3.686999585;"A";
"2019";;"JU";"Ind_01_10";"UM_4";2.312877969;"A";
"2019";;"JU";"Ind_01_11";"UM_4";9.646061645;"A";
"2019";;"JU";"Ind_01_12";"UM_4";9.061039571;"A";
"2019";;"JU";"Ind_01_13";"UM_5";32.392;"A";
"2019";;"JU";"Ind_01_14";"UM_6";2.237002964;"A";
"2019";;"JU";"Ind_02_01";"UM_2";7.445005703;"A";
"2019";;"JU";"Ind_02_02";"UM_2";89.75395144;"A";
"2019";;"JU";"Ind_02_03";"UM_2";2.517516702;"A";
"2019";;"JU";"Ind_02_04";"UM_2";;"Q";
"2019";;"JU";"Ind_02_05";"UM_2";2.295910054;"U";
"2019";;"JU";"Ind_03_01";"UM_2";64.34251263;"A";
"2019";;"JU";"Ind_03_02";"UM_2";9.760469285;"A";
"2019";;"JU";"Ind_03_03";"UM_2";17.27391234;"A";
"2004/2009";;"JU";"Ind_04_01";"UM_7";838.61;"A";
"2004/2009";;"JU";"Ind_04_02";"UM_2";6.695603439;"A";
"1979/1985";"2004/2009";"JU";"Ind_04_03";"UM_2";37.58882627;"A";
"2004/2009";;"JU";"Ind_04_04";"UM_2";48.73659985;"A";
"1979/1985";"2004/2009";"JU";"Ind_04_05";"UM_2";-1.560881609;"A";
"2004/2009";;"JU";"Ind_04_06";"UM_2";43.51605633;"A";
"2004/2009";;"JU";"Ind_04_07";"UM_2";1.05174038;"A";
"2019";;"JU";"Ind_05_01";"UM_2";76.2;"A";
"2020";;"JU";"Ind_05_02";"UM_2";4.7;"A";
"2018";;"JU";"Ind_06_01";"UM_8";68876.35124;"A";"P"
"2017/2018";;"JU";"Ind_06_02";"UM_2";4.3174181;"A";"P"
"2018";;"JU";"Ind_06_03";"UM_5";44.03;"A";
"2018";;"JU";"Ind_06_04";"UM_5";3.052;"A";
"2018";;"JU";"Ind_06_05";"UM_5";16.455;"A";
"2018";;"JU";"Ind_06_06";"UM_5";24.523;"A";
"2018";;"JU";"Ind_06_07";"UM_9";6417;"A";
"2018";;"JU";"Ind_06_08";"UM_9";1080;"A";
"2018";;"JU";"Ind_06_09";"UM_9";1212;"A";
"2018";;"JU";"Ind_06_10";"UM_9";4125;"A";
"2019";;"JU";"Ind_07_01";"UM_2";19.72137845;"A";
"2019";;"JU";"Ind_07_02";"UM_10";39.99005285;"A";
"2020";;"JU";"Ind_08_01";"UM_2";2.522753493;"A";
"2019";;"JU";"Ind_08_02";"UM_2";49.5;"A";
"2019";;"JU";"Ind_08_03";"UM_11";47.7;"A";
"2018";;"JU";"Ind_08_04";"UM_12";4.693682631;"A";
"2019";;"JU";"Ind_09_01";"UM_5";65.521;"A";
"2019";;"JU";"Ind_09_02";"UM_5";106.699;"A";
"2019";;"JU";"Ind_10_01";"UM_12";595.4725616;"A";
"2019";;"JU";"Ind_10_02";"UM_2";15.96979186;"A";
"2019";;"JU";"Ind_10_03";"UM_2";70.51022288;"A";
"2019";;"JU";"Ind_11_01";"UM_2";3.27708;"A";
"2019";;"JU";"Ind_12_01";"UM_13";156;"A";
"2019";;"JU";"Ind_12_02";"UM_12";4.7;"A";
"2019";;"JU";"Ind_12_03";"UM_12";164.5;"A";
"2019";;"JU";"Ind_12_04";"UM_14";5.2;"A";
"2019";;"JU";"Ind_13_01";"UM_2";26.33058008;"A";
"2019";;"JU";"Ind_13_02";"UM_2";50.32754201;"A";
"2019";;"JU";"Ind_13_03";"UM_2";23.34187791;"A";
"2019";;"JU";"Ind_13_04";"UM_2";29.17;"A";
"2019";;"JU";"Ind_14_01";"UM_2";9.073483852;"A";
"2019";;"JU";"Ind_14_02";"UM_2";22.75837475;"A";
"2019";;"JU";"Ind_14_03";"UM_2";27.00871465;"A";
"2019";;"JU";"Ind_14_04";"UM_2";14.47166069;"A";
"2019";;"JU";"Ind_14_05";"UM_2";11.06381082;"A";
"2019";;"JU";"Ind_14_06";"UM_2";;"M";
"2019";;"JU";"Ind_14_07";"UM_2";;"M";
"2019";;"JU";"Ind_14_08";"UM_2";;"M";
"2019";;"JU";"Ind_14_09";"UM_2";15.62395525;"A";
"2019";;"JU";"Ind_14_10";"UM_2";;"M";
"2019";;"JU";"Ind_15_01";"UM_15";30.91842711;"A";
"2019";;"JU";"Ind_15_02";"UM_15";5.84317411;"A";
"2019";;"JU";"Ind_15_03";"UM_15";3.214426783;"A";
